age,job,marital,education,default,housing,loan,contact,day_of_week,campaign,pdays,poutcome,cons_price_idx,cons_conf_idx,prime_rate,y
42,blue-collar,married,basic.9y,unknown,no,no,telephone,mon,1,999,nonexistent,93.994,-36.4,4.857,no
41,management,married,basic.6y,no,no,no,telephone,mon,2,999,nonexistent,93.994,-36.4,4.857,no
34,technician,married,high.school,no,no,no,telephone,mon,1,999,nonexistent,93.994,-36.4,4.857,no
54,retired,married,high.school,unknown,no,no,telephone,mon,1,999,nonexistent,93.994,-36.4,4.857,no
48,blue-collar,married,basic.4y,no,yes,no,telephone,mon,1,999,nonexistent,93.994,-36.4,4.857,no
48,blue-collar,married,basic.6y,unknown,no,no,telephone,mon,3,999,nonexistent,93.994,-36.4,4.857,no
36,services,married,high.school,no,no,yes,telephone,tue,2,999,nonexistent,93.994,-36.4,4.857,no
54,management,married,basic.6y,unknown,yes,yes,telephone,tue,1,999,nonexistent,93.994,-36.4,4.857,no
44,admin.,married,high.school,no,no,no,telephone,tue,2,999,nonexistent,93.994,-36.4,4.857,no
41,management,married,university.degree,unknown,no,no,telephone,tue,2,999,nonexistent,93.994,-36.4,4.857,no
39,blue-collar,divorced,basic.9y,no,no,no,telephone,wed,1,999,nonexistent,93.994,-36.4,4.856,no
32,entrepreneur,married,basic.6y,no,yes,no,telephone,wed,1,999,nonexistent,93.994,-36.4,4.856,no
38,blue-collar,divorced,unknown,no,no,no,telephone,wed,3,999,nonexistent,93.994,-36.4,4.856,no
50,technician,married,high.school,no,yes,no,telephone,thu,1,999,nonexistent,93.994,-36.4,4.855,no
20,entrepreneur,single,high.school,no,no,no,telephone,thu,1,999,nonexistent,93.994,-36.4,4.855,no
35,blue-collar,married,basic.6y,no,no,no,telephone,thu,1,999,nonexistent,93.994,-36.4,4.855,no
51,blue-collar,divorced,basic.9y,no,no,no,telephone,thu,2,999,nonexistent,93.994,-36.4,4.855,no
45,blue-collar,single,basic.9y,no,no,no,telephone,thu,3,999,nonexistent,93.994,-36.4,4.855,no
40,admin.,married,high.school,unknown,yes,no,telephone,thu,4,999,nonexistent,93.994,-36.4,4.855,no
35,blue-collar,married,professional.course,no,yes,yes,telephone,fri,1,999,nonexistent,93.994,-36.4,4.855,no
31,technician,married,professional.course,no,no,no,telephone,fri,2,999,nonexistent,93.994,-36.4,4.855,no
33,admin.,divorced,university.degree,no,no,yes,telephone,fri,1,999,nonexistent,93.994,-36.4,4.855,no
42,blue-collar,married,basic.9y,unknown,no,no,telephone,fri,2,999,nonexistent,93.994,-36.4,4.855,no
57,entrepreneur,married,high.school,unknown,yes,no,telephone,fri,2,999,nonexistent,93.994,-36.4,4.855,no
35,self-employed,married,professional.course,no,no,no,telephone,fri,2,999,nonexistent,93.994,-36.4,4.855,no
47,technician,divorced,university.degree,no,no,no,telephone,mon,3,999,nonexistent,93.994,-36.4,4.857,no
44,services,married,basic.4y,unknown,yes,no,telephone,mon,4,999,nonexistent,93.994,-36.4,4.857,no
29,blue-collar,married,basic.9y,no,no,no,telephone,mon,5,999,nonexistent,93.994,-36.4,4.857,no
33,blue-collar,married,basic.9y,no,no,no,telephone,mon,2,999,nonexistent,93.994,-36.4,4.857,no
38,blue-collar,single,university.degree,unknown,yes,no,telephone,tue,2,999,nonexistent,93.994,-36.4,4.856,no
32,admin.,divorced,high.school,no,no,no,telephone,tue,1,999,nonexistent,93.994,-36.4,4.856,no
46,blue-collar,married,basic.6y,unknown,yes,no,telephone,tue,1,999,nonexistent,93.994,-36.4,4.856,no
41,technician,married,high.school,no,yes,no,telephone,wed,1,999,nonexistent,93.994,-36.4,4.859,no
38,technician,single,professional.course,unknown,unknown,unknown,telephone,wed,2,999,nonexistent,93.994,-36.4,4.859,no
33,unemployed,divorced,basic.9y,no,no,no,telephone,wed,2,999,nonexistent,93.994,-36.4,4.859,no
33,entrepreneur,married,high.school,no,no,no,telephone,wed,1,999,nonexistent,93.994,-36.4,4.859,yes
33,blue-collar,married,basic.9y,no,yes,no,telephone,wed,2,999,nonexistent,93.994,-36.4,4.859,no
34,technician,married,professional.course,unknown,no,yes,telephone,wed,4,999,nonexistent,93.994,-36.4,4.859,no
42,blue-collar,married,basic.4y,unknown,no,yes,telephone,wed,3,999,nonexistent,93.994,-36.4,4.859,no
39,blue-collar,married,basic.6y,unknown,no,no,telephone,thu,1,999,nonexistent,93.994,-36.4,4.86,no
33,technician,married,professional.course,no,no,no,telephone,thu,4,999,nonexistent,93.994,-36.4,4.86,no
35,technician,married,unknown,unknown,no,no,telephone,thu,2,999,nonexistent,93.994,-36.4,4.86,no
44,technician,married,professional.course,unknown,no,no,telephone,thu,5,999,nonexistent,93.994,-36.4,4.86,no
44,services,married,high.school,unknown,yes,no,telephone,thu,2,999,nonexistent,93.994,-36.4,4.86,no
32,services,married,high.school,no,no,yes,telephone,fri,4,999,nonexistent,93.994,-36.4,4.859,no
35,admin.,single,high.school,no,no,yes,telephone,fri,1,999,nonexistent,93.994,-36.4,4.859,no
44,management,single,university.degree,unknown,yes,no,telephone,fri,1,999,nonexistent,93.994,-36.4,4.859,no
44,blue-collar,divorced,basic.4y,unknown,yes,no,telephone,fri,4,999,nonexistent,93.994,-36.4,4.859,no
52,management,married,professional.course,no,no,no,telephone,fri,1,999,nonexistent,93.994,-36.4,4.859,no
41,management,married,university.degree,no,no,no,telephone,fri,4,999,nonexistent,93.994,-36.4,4.859,no
38,blue-collar,single,university.degree,unknown,no,no,telephone,fri,1,999,nonexistent,93.994,-36.4,4.859,no
51,services,married,basic.6y,no,no,no,telephone,fri,1,999,nonexistent,93.994,-36.4,4.859,no
42,retired,married,basic.9y,unknown,no,no,telephone,fri,1,999,nonexistent,93.994,-36.4,4.859,no
39,admin.,single,high.school,unknown,yes,no,telephone,fri,16,999,nonexistent,93.994,-36.4,4.859,no
36,technician,married,basic.9y,no,no,no,telephone,fri,3,999,nonexistent,93.994,-36.4,4.859,no
44,management,married,high.school,no,yes,no,telephone,fri,3,999,nonexistent,93.994,-36.4,4.859,no
47,technician,married,professional.course,no,unknown,unknown,telephone,mon,1,999,nonexistent,93.994,-36.4,4.858,no
41,management,married,university.degree,no,no,no,telephone,mon,2,999,nonexistent,93.994,-36.4,4.858,no
48,blue-collar,married,basic.9y,no,no,no,telephone,mon,1,999,nonexistent,93.994,-36.4,4.858,no
34,blue-collar,married,basic.6y,no,yes,no,telephone,mon,2,999,nonexistent,93.994,-36.4,4.858,no
32,management,single,basic.4y,no,no,no,telephone,mon,7,999,nonexistent,93.994,-36.4,4.858,no
30,technician,single,professional.course,no,yes,no,telephone,mon,3,999,nonexistent,93.994,-36.4,4.858,no
29,blue-collar,single,professional.course,no,yes,no,telephone,mon,7,999,nonexistent,93.994,-36.4,4.858,no
45,technician,single,professional.course,no,yes,yes,telephone,tue,1,999,nonexistent,93.994,-36.4,4.856,no
47,blue-collar,married,unknown,unknown,no,no,telephone,tue,1,999,nonexistent,93.994,-36.4,4.856,no
53,blue-collar,married,basic.4y,unknown,no,no,telephone,tue,2,999,nonexistent,93.994,-36.4,4.856,no
35,services,single,basic.4y,no,yes,no,telephone,tue,1,999,nonexistent,93.994,-36.4,4.856,no
50,services,married,high.school,no,no,no,telephone,tue,2,999,nonexistent,93.994,-36.4,4.856,no
39,blue-collar,single,basic.9y,no,no,no,telephone,tue,3,999,nonexistent,93.994,-36.4,4.856,no
32,admin.,married,university.degree,no,no,yes,telephone,tue,3,999,nonexistent,93.994,-36.4,4.856,no
32,blue-collar,married,basic.9y,no,yes,no,telephone,tue,3,999,nonexistent,93.994,-36.4,4.856,no
57,self-employed,married,unknown,unknown,no,yes,telephone,tue,2,999,nonexistent,93.994,-36.4,4.856,no
36,services,married,high.school,no,no,no,telephone,tue,2,999,nonexistent,93.994,-36.4,4.856,no
39,blue-collar,married,basic.9y,no,no,no,telephone,wed,3,999,nonexistent,93.994,-36.4,4.858,no
30,entrepreneur,married,professional.course,no,no,no,telephone,wed,1,999,nonexistent,93.994,-36.4,4.858,no
57,services,divorced,high.school,no,yes,yes,telephone,wed,3,999,nonexistent,93.994,-36.4,4.858,no
46,housemaid,married,basic.4y,no,no,no,telephone,wed,2,999,nonexistent,93.994,-36.4,4.858,no
25,blue-collar,married,basic.9y,unknown,yes,no,telephone,wed,1,999,nonexistent,93.994,-36.4,4.858,no
57,services,divorced,high.school,no,yes,no,telephone,wed,3,999,nonexistent,93.994,-36.4,4.858,no
41,blue-collar,divorced,basic.6y,no,yes,no,telephone,fri,1,999,nonexistent,93.994,-36.4,4.857,no
49,technician,married,professional.course,no,no,no,telephone,fri,2,999,nonexistent,93.994,-36.4,4.857,no
48,blue-collar,divorced,basic.9y,no,yes,yes,telephone,fri,3,999,nonexistent,93.994,-36.4,4.857,no
43,entrepreneur,married,basic.9y,unknown,yes,no,telephone,fri,2,999,nonexistent,93.994,-36.4,4.857,no
40,blue-collar,married,basic.9y,no,yes,no,telephone,fri,1,999,nonexistent,93.994,-36.4,4.857,no
43,management,married,high.school,no,no,no,telephone,fri,3,999,nonexistent,93.994,-36.4,4.857,no
37,technician,married,university.degree,unknown,no,no,telephone,fri,5,999,nonexistent,93.994,-36.4,4.857,no
49,technician,married,professional.course,no,no,no,telephone,fri,6,999,nonexistent,93.994,-36.4,4.857,no
47,entrepreneur,married,high.school,no,no,no,telephone,mon,1,999,nonexistent,93.994,-36.4,4.857,no
44,services,married,high.school,no,yes,yes,telephone,mon,1,999,nonexistent,93.994,-36.4,4.857,no
56,blue-collar,married,professional.course,no,yes,no,telephone,mon,4,999,nonexistent,93.994,-36.4,4.857,no
54,retired,married,basic.9y,no,no,yes,telephone,mon,1,999,nonexistent,93.994,-36.4,4.857,no
25,blue-collar,married,high.school,unknown,yes,yes,telephone,mon,6,999,nonexistent,93.994,-36.4,4.857,no
35,blue-collar,married,high.school,no,yes,yes,telephone,mon,1,999,nonexistent,93.994,-36.4,4.857,no
27,admin.,single,university.degree,no,yes,no,telephone,tue,1,999,nonexistent,93.994,-36.4,4.857,no
60,unknown,married,university.degree,no,no,no,telephone,tue,1,999,nonexistent,93.994,-36.4,4.857,no
57,management,divorced,university.degree,no,no,no,telephone,tue,1,999,nonexistent,93.994,-36.4,4.857,no
25,admin.,married,unknown,no,no,no,telephone,tue,1,999,nonexistent,93.994,-36.4,4.857,no
30,self-employed,married,basic.9y,no,no,no,telephone,tue,2,999,nonexistent,93.994,-36.4,4.857,no
42,housemaid,single,basic.4y,unknown,yes,no,telephone,tue,7,999,nonexistent,93.994,-36.4,4.857,no
54,retired,married,basic.4y,unknown,no,no,telephone,tue,2,999,nonexistent,93.994,-36.4,4.857,no
36,blue-collar,married,basic.4y,unknown,yes,no,telephone,wed,21,999,nonexistent,93.994,-36.4,4.857,no
41,services,divorced,basic.9y,no,yes,no,telephone,wed,3,999,nonexistent,93.994,-36.4,4.857,no
50,services,married,basic.4y,unknown,yes,no,telephone,wed,1,999,nonexistent,93.994,-36.4,4.857,no
31,blue-collar,married,basic.9y,no,no,no,telephone,wed,4,999,nonexistent,93.994,-36.4,4.857,no
41,management,married,basic.6y,no,yes,no,telephone,wed,1,999,nonexistent,93.994,-36.4,4.857,no
53,technician,married,professional.course,unknown,no,no,telephone,wed,2,999,nonexistent,93.994,-36.4,4.857,no
34,admin.,single,high.school,no,no,no,telephone,wed,3,999,nonexistent,93.994,-36.4,4.857,no
39,admin.,married,university.degree,no,yes,no,telephone,thu,1,999,nonexistent,93.994,-36.4,4.86,no
34,self-employed,married,professional.course,no,no,no,telephone,thu,1,999,nonexistent,93.994,-36.4,4.86,no
30,blue-collar,single,basic.4y,unknown,yes,yes,telephone,thu,4,999,nonexistent,93.994,-36.4,4.86,no
25,admin.,married,university.degree,no,no,no,telephone,fri,1,999,nonexistent,93.994,-36.4,4.864,no
33,services,single,high.school,no,yes,no,telephone,fri,1,999,nonexistent,93.994,-36.4,4.864,no
43,blue-collar,married,basic.9y,unknown,no,no,telephone,fri,2,999,nonexistent,93.994,-36.4,4.864,no
29,technician,married,professional.course,no,no,no,telephone,fri,3,999,nonexistent,93.994,-36.4,4.864,no
57,services,divorced,high.school,no,yes,no,telephone,fri,2,999,nonexistent,93.994,-36.4,4.864,no
32,admin.,single,high.school,no,yes,no,telephone,fri,4,999,nonexistent,93.994,-36.4,4.864,no
38,technician,single,university.degree,no,no,no,telephone,mon,1,999,nonexistent,94.465,-41.8,4.865,no
34,services,single,professional.course,unknown,yes,no,telephone,mon,1,999,nonexistent,94.465,-41.8,4.865,no
58,admin.,divorced,university.degree,no,yes,no,telephone,mon,7,999,nonexistent,94.465,-41.8,4.865,no
27,blue-collar,married,basic.6y,unknown,yes,no,telephone,mon,1,999,nonexistent,94.465,-41.8,4.865,no
54,blue-collar,married,high.school,no,no,no,telephone,mon,1,999,nonexistent,94.465,-41.8,4.865,no
36,admin.,married,university.degree,no,yes,no,telephone,mon,2,999,nonexistent,94.465,-41.8,4.865,no
35,student,single,university.degree,unknown,yes,yes,telephone,mon,2,999,nonexistent,94.465,-41.8,4.865,no
59,retired,divorced,university.degree,no,no,no,telephone,mon,6,999,nonexistent,94.465,-41.8,4.865,no
58,technician,married,professional.course,no,yes,yes,telephone,tue,1,999,nonexistent,94.465,-41.8,4.864,no
43,blue-collar,married,basic.9y,no,no,yes,telephone,tue,1,999,nonexistent,94.465,-41.8,4.864,no
41,blue-collar,married,basic.6y,no,yes,no,telephone,tue,2,999,nonexistent,94.465,-41.8,4.864,no
43,admin.,divorced,high.school,no,no,no,telephone,tue,1,999,nonexistent,94.465,-41.8,4.864,no
24,admin.,single,high.school,no,no,no,telephone,tue,1,999,nonexistent,94.465,-41.8,4.864,no
57,admin.,divorced,unknown,unknown,no,no,telephone,tue,1,999,nonexistent,94.465,-41.8,4.864,no
41,management,married,university.degree,no,no,no,telephone,tue,6,999,nonexistent,94.465,-41.8,4.864,no
36,admin.,married,university.degree,no,yes,no,telephone,tue,11,999,nonexistent,94.465,-41.8,4.864,no
36,entrepreneur,married,basic.6y,unknown,no,no,telephone,wed,5,999,nonexistent,94.465,-41.8,4.864,no
29,admin.,married,high.school,no,yes,no,telephone,wed,2,999,nonexistent,94.465,-41.8,4.864,no
31,blue-collar,single,basic.9y,no,no,no,telephone,wed,2,999,nonexistent,94.465,-41.8,4.864,no
25,unknown,single,university.degree,no,no,no,telephone,wed,2,999,nonexistent,94.465,-41.8,4.864,no
32,admin.,single,high.school,no,yes,no,telephone,wed,2,999,nonexistent,94.465,-41.8,4.864,no
26,admin.,married,high.school,no,no,no,telephone,wed,2,999,nonexistent,94.465,-41.8,4.864,no
56,admin.,single,basic.9y,no,yes,no,telephone,wed,2,999,nonexistent,94.465,-41.8,4.864,no
30,blue-collar,married,basic.9y,no,yes,no,telephone,thu,1,999,nonexistent,94.465,-41.8,4.866,no
28,technician,single,professional.course,no,no,no,telephone,thu,2,999,nonexistent,94.465,-41.8,4.866,no
31,blue-collar,single,basic.4y,no,no,no,telephone,thu,3,999,nonexistent,94.465,-41.8,4.866,no
50,blue-collar,married,basic.4y,no,unknown,unknown,telephone,thu,2,999,nonexistent,94.465,-41.8,4.866,no
31,technician,single,university.degree,unknown,yes,no,telephone,thu,2,999,nonexistent,94.465,-41.8,4.866,no
29,services,single,high.school,no,yes,no,telephone,thu,3,999,nonexistent,94.465,-41.8,4.866,no
39,services,married,high.school,no,yes,no,telephone,fri,1,999,nonexistent,94.465,-41.8,4.967,no
30,blue-collar,married,basic.9y,no,unknown,unknown,telephone,fri,1,999,nonexistent,94.465,-41.8,4.967,no
31,blue-collar,single,high.school,no,no,no,telephone,fri,2,999,nonexistent,94.465,-41.8,4.967,no
32,blue-collar,married,basic.6y,no,no,no,telephone,fri,2,999,nonexistent,94.465,-41.8,4.967,no
30,blue-collar,married,basic.9y,no,yes,no,telephone,fri,1,999,nonexistent,94.465,-41.8,4.967,no
33,blue-collar,married,basic.6y,unknown,unknown,unknown,telephone,fri,1,999,nonexistent,94.465,-41.8,4.967,no
55,admin.,married,basic.4y,unknown,no,no,telephone,fri,9,999,nonexistent,94.465,-41.8,4.967,no
40,services,divorced,high.school,no,yes,no,telephone,fri,3,999,nonexistent,94.465,-41.8,4.967,no
34,admin.,married,basic.9y,no,yes,no,telephone,mon,3,999,nonexistent,94.465,-41.8,4.961,no
35,technician,married,professional.course,no,yes,yes,telephone,mon,4,999,nonexistent,94.465,-41.8,4.961,no
33,management,married,high.school,no,no,yes,telephone,mon,1,999,nonexistent,94.465,-41.8,4.961,no
27,entrepreneur,single,university.degree,no,yes,no,telephone,mon,3,999,nonexistent,94.465,-41.8,4.961,no
32,services,married,high.school,unknown,no,no,telephone,mon,3,999,nonexistent,94.465,-41.8,4.961,no
48,services,married,basic.6y,unknown,no,yes,telephone,mon,5,999,nonexistent,94.465,-41.8,4.961,no
29,admin.,married,professional.course,no,yes,no,telephone,wed,4,999,nonexistent,94.465,-41.8,4.959,no
30,self-employed,single,university.degree,no,no,no,telephone,wed,1,999,nonexistent,94.465,-41.8,4.959,no
32,admin.,single,high.school,no,yes,no,telephone,wed,1,999,nonexistent,94.465,-41.8,4.959,no
35,services,married,high.school,unknown,yes,no,telephone,thu,1,999,nonexistent,94.465,-41.8,4.958,no
59,blue-collar,married,basic.4y,unknown,yes,no,telephone,mon,1,999,nonexistent,94.465,-41.8,4.96,no
53,blue-collar,divorced,basic.4y,unknown,no,no,telephone,mon,1,999,nonexistent,94.465,-41.8,4.96,no
35,admin.,divorced,university.degree,no,no,no,telephone,mon,3,999,nonexistent,94.465,-41.8,4.96,no
34,admin.,married,university.degree,no,yes,no,telephone,mon,14,999,nonexistent,94.465,-41.8,4.96,no
54,technician,married,high.school,no,no,no,telephone,mon,5,999,nonexistent,94.465,-41.8,4.96,no
34,admin.,married,university.degree,no,yes,yes,telephone,tue,1,999,nonexistent,94.465,-41.8,4.961,no
33,services,married,high.school,unknown,yes,no,telephone,tue,3,999,nonexistent,94.465,-41.8,4.961,no
43,technician,married,professional.course,no,yes,no,telephone,tue,2,999,nonexistent,94.465,-41.8,4.961,no
36,blue-collar,married,university.degree,unknown,no,no,telephone,tue,2,999,nonexistent,94.465,-41.8,4.961,no
35,admin.,divorced,basic.9y,unknown,yes,no,telephone,wed,10,999,nonexistent,94.465,-41.8,4.962,no
28,admin.,single,university.degree,no,no,no,telephone,wed,3,999,nonexistent,94.465,-41.8,4.962,no
41,services,married,high.school,no,unknown,unknown,telephone,wed,1,999,nonexistent,94.465,-41.8,4.962,no
47,admin.,married,basic.9y,no,yes,no,telephone,wed,3,999,nonexistent,94.465,-41.8,4.962,no
35,admin.,divorced,university.degree,no,yes,no,telephone,wed,2,999,nonexistent,94.465,-41.8,4.962,no
32,self-employed,single,high.school,no,no,no,telephone,thu,1,999,nonexistent,94.465,-41.8,4.961,no
43,admin.,married,university.degree,no,no,no,telephone,thu,2,999,nonexistent,94.465,-41.8,4.961,no
28,blue-collar,married,basic.9y,no,no,no,telephone,thu,1,999,nonexistent,94.465,-41.8,4.961,no
55,retired,married,university.degree,unknown,yes,no,telephone,thu,1,999,nonexistent,94.465,-41.8,4.961,no
43,blue-collar,married,basic.9y,unknown,no,no,telephone,fri,23,999,nonexistent,94.465,-41.8,4.959,no
49,blue-collar,married,basic.4y,unknown,unknown,unknown,telephone,fri,1,999,nonexistent,94.465,-41.8,4.959,no
42,blue-collar,married,basic.6y,unknown,no,no,telephone,fri,2,999,nonexistent,94.465,-41.8,4.959,no
45,management,married,basic.9y,no,yes,no,telephone,fri,4,999,nonexistent,94.465,-41.8,4.959,no
36,self-employed,single,university.degree,no,no,no,telephone,fri,3,999,nonexistent,94.465,-41.8,4.959,no
37,blue-collar,married,basic.4y,unknown,no,no,telephone,fri,1,999,nonexistent,94.465,-41.8,4.959,no
54,blue-collar,divorced,basic.4y,unknown,no,no,telephone,fri,2,999,nonexistent,94.465,-41.8,4.959,no
29,technician,married,professional.course,no,yes,no,telephone,fri,1,999,nonexistent,94.465,-41.8,4.959,no
43,admin.,married,high.school,no,no,no,telephone,fri,10,999,nonexistent,94.465,-41.8,4.959,no
49,management,married,high.school,no,no,no,telephone,fri,13,999,nonexistent,94.465,-41.8,4.959,no
50,blue-collar,married,basic.4y,unknown,yes,yes,telephone,fri,3,999,nonexistent,94.465,-41.8,4.959,no
34,admin.,married,university.degree,no,yes,no,telephone,fri,6,999,nonexistent,94.465,-41.8,4.959,no
56,admin.,married,university.degree,no,no,no,telephone,fri,3,999,nonexistent,94.465,-41.8,4.959,no
35,admin.,married,university.degree,no,no,no,telephone,fri,4,999,nonexistent,94.465,-41.8,4.959,no
39,management,single,university.degree,no,no,no,telephone,mon,3,999,nonexistent,94.465,-41.8,4.958,no
34,admin.,married,university.degree,no,no,no,telephone,fri,2,999,nonexistent,94.465,-41.8,4.947,no
28,blue-collar,married,high.school,no,yes,no,telephone,thu,1,999,nonexistent,93.918,-42.7,4.966,no
38,blue-collar,married,high.school,no,yes,no,telephone,thu,1,999,nonexistent,93.918,-42.7,4.966,no
30,admin.,married,high.school,no,yes,no,cellular,fri,6,999,nonexistent,93.918,-42.7,4.959,no
52,management,married,professional.course,no,yes,no,cellular,mon,3,999,nonexistent,93.918,-42.7,4.96,no
32,services,single,high.school,no,no,no,cellular,mon,3,999,nonexistent,93.918,-42.7,4.96,no
29,services,married,high.school,no,yes,no,cellular,mon,1,999,nonexistent,93.918,-42.7,4.96,no
58,blue-collar,married,basic.4y,unknown,yes,no,cellular,mon,2,999,nonexistent,93.918,-42.7,4.96,no
24,services,married,high.school,no,yes,no,cellular,mon,4,999,nonexistent,93.918,-42.7,4.96,no
39,self-employed,married,university.degree,no,no,no,cellular,mon,1,999,nonexistent,93.918,-42.7,4.96,no
51,blue-collar,married,unknown,unknown,yes,no,cellular,mon,2,999,nonexistent,93.918,-42.7,4.96,no
39,management,divorced,university.degree,no,yes,no,cellular,tue,1,999,nonexistent,93.918,-42.7,4.962,no
29,admin.,single,high.school,no,no,no,cellular,tue,2,999,nonexistent,93.918,-42.7,4.962,no
32,services,divorced,high.school,unknown,yes,no,cellular,tue,1,999,nonexistent,93.918,-42.7,4.962,no
31,blue-collar,married,basic.6y,no,no,no,telephone,tue,3,999,nonexistent,93.918,-42.7,4.962,no
28,services,married,high.school,no,yes,no,cellular,tue,1,999,nonexistent,93.918,-42.7,4.962,no
31,admin.,single,professional.course,no,no,no,cellular,tue,1,999,nonexistent,93.918,-42.7,4.962,no
31,management,single,university.degree,no,no,no,cellular,wed,1,999,nonexistent,93.918,-42.7,4.962,no
31,admin.,single,high.school,no,no,no,cellular,wed,2,999,nonexistent,93.918,-42.7,4.962,no
41,blue-collar,single,basic.4y,unknown,unknown,unknown,cellular,wed,1,999,nonexistent,93.918,-42.7,4.962,no
33,blue-collar,married,basic.6y,no,no,no,telephone,wed,1,999,nonexistent,93.918,-42.7,4.962,no
32,technician,single,university.degree,no,yes,yes,telephone,wed,43,999,nonexistent,93.918,-42.7,4.962,no
32,technician,married,professional.course,no,yes,no,cellular,thu,1,999,nonexistent,93.918,-42.7,4.963,no
36,admin.,divorced,university.degree,unknown,no,no,telephone,thu,1,999,nonexistent,93.918,-42.7,4.963,no
43,blue-collar,single,basic.9y,no,yes,no,cellular,thu,1,999,nonexistent,93.918,-42.7,4.963,no
33,self-employed,married,basic.9y,unknown,no,no,cellular,thu,1,999,nonexistent,93.918,-42.7,4.963,no
31,admin.,married,high.school,no,no,no,cellular,thu,1,999,nonexistent,93.918,-42.7,4.963,yes
27,admin.,single,high.school,no,yes,no,cellular,thu,1,999,nonexistent,93.918,-42.7,4.963,no
31,technician,married,professional.course,no,no,no,cellular,thu,1,999,nonexistent,93.918,-42.7,4.963,no
37,blue-collar,married,basic.9y,unknown,yes,no,cellular,fri,2,999,nonexistent,93.918,-42.7,4.963,no
43,entrepreneur,divorced,professional.course,no,no,yes,cellular,fri,2,999,nonexistent,93.918,-42.7,4.963,no
35,admin.,single,university.degree,no,no,no,cellular,fri,2,999,nonexistent,93.918,-42.7,4.963,no
29,blue-collar,single,basic.9y,no,no,no,cellular,fri,2,999,nonexistent,93.918,-42.7,4.963,no
46,housemaid,married,basic.4y,unknown,no,no,cellular,fri,2,999,nonexistent,93.918,-42.7,4.963,no
27,blue-collar,single,basic.9y,no,yes,no,cellular,mon,2,999,nonexistent,93.918,-42.7,4.962,no
30,admin.,single,university.degree,no,yes,yes,cellular,mon,2,999,nonexistent,93.918,-42.7,4.962,no
30,services,married,basic.6y,no,yes,no,cellular,mon,2,999,nonexistent,93.918,-42.7,4.962,no
27,housemaid,married,high.school,no,yes,no,cellular,mon,3,999,nonexistent,93.918,-42.7,4.962,no
36,admin.,married,university.degree,no,yes,yes,cellular,mon,2,999,nonexistent,93.918,-42.7,4.962,no
36,admin.,married,university.degree,no,yes,no,telephone,mon,5,999,nonexistent,93.918,-42.7,4.962,no
42,technician,married,basic.9y,no,no,no,cellular,tue,3,999,nonexistent,93.918,-42.7,4.961,no
29,entrepreneur,married,basic.4y,no,no,no,cellular,tue,4,999,nonexistent,93.918,-42.7,4.961,no
33,housemaid,married,basic.9y,no,no,no,cellular,tue,4,999,nonexistent,93.918,-42.7,4.961,no
32,services,single,unknown,unknown,no,no,cellular,tue,1,999,nonexistent,93.918,-42.7,4.961,no
37,services,married,high.school,no,yes,no,cellular,tue,2,999,nonexistent,93.918,-42.7,4.961,no
34,technician,divorced,basic.6y,no,yes,no,cellular,tue,3,999,nonexistent,93.918,-42.7,4.961,no
48,admin.,single,university.degree,no,no,no,telephone,tue,7,999,nonexistent,93.918,-42.7,4.961,no
33,blue-collar,divorced,basic.9y,unknown,no,no,cellular,tue,5,999,nonexistent,93.918,-42.7,4.961,no
59,retired,married,university.degree,unknown,no,no,cellular,wed,5,999,nonexistent,93.918,-42.7,4.957,no
49,blue-collar,divorced,unknown,unknown,no,no,cellular,wed,1,999,nonexistent,93.918,-42.7,4.957,no
33,blue-collar,married,basic.9y,no,yes,no,cellular,wed,11,999,nonexistent,93.918,-42.7,4.957,no
48,blue-collar,married,basic.6y,unknown,yes,no,cellular,wed,2,999,nonexistent,93.918,-42.7,4.957,no
31,admin.,single,basic.9y,no,no,no,cellular,wed,5,999,nonexistent,93.918,-42.7,4.957,no
47,blue-collar,married,basic.4y,unknown,yes,yes,cellular,thu,1,999,nonexistent,93.918,-42.7,4.958,no
27,blue-collar,single,basic.9y,no,no,no,cellular,thu,1,999,nonexistent,93.918,-42.7,4.958,no
24,admin.,single,high.school,unknown,yes,no,cellular,thu,1,999,nonexistent,93.918,-42.7,4.958,no
42,housemaid,married,basic.9y,no,yes,yes,cellular,thu,1,999,nonexistent,93.918,-42.7,4.958,no
44,blue-collar,married,basic.6y,unknown,no,no,telephone,thu,4,999,nonexistent,93.918,-42.7,4.958,no
42,services,married,high.school,no,no,no,cellular,thu,4,999,nonexistent,93.918,-42.7,4.958,no
31,blue-collar,single,basic.9y,no,yes,yes,cellular,fri,2,999,nonexistent,93.918,-42.7,4.957,no
28,technician,married,basic.9y,no,yes,no,cellular,fri,2,999,nonexistent,93.918,-42.7,4.957,no
29,management,single,basic.9y,no,no,yes,cellular,fri,1,999,nonexistent,93.918,-42.7,4.957,no
31,technician,married,high.school,no,yes,no,cellular,fri,10,999,nonexistent,93.918,-42.7,4.957,no
35,blue-collar,married,basic.9y,no,yes,no,cellular,fri,4,999,nonexistent,93.918,-42.7,4.957,no
41,self-employed,married,basic.9y,unknown,no,no,cellular,fri,8,999,nonexistent,93.918,-42.7,4.957,no
43,admin.,married,high.school,no,no,no,cellular,mon,2,999,nonexistent,93.918,-42.7,4.96,no
32,admin.,single,high.school,unknown,no,yes,cellular,mon,4,999,nonexistent,93.918,-42.7,4.96,no
27,admin.,single,high.school,unknown,no,no,cellular,mon,2,999,nonexistent,93.918,-42.7,4.96,no
36,technician,married,basic.4y,no,no,no,cellular,mon,1,999,nonexistent,93.918,-42.7,4.96,no
44,admin.,single,basic.9y,no,yes,yes,cellular,mon,2,999,nonexistent,93.918,-42.7,4.96,no
40,self-employed,married,high.school,no,yes,no,telephone,mon,1,999,nonexistent,93.918,-42.7,4.96,no
28,technician,married,basic.9y,no,yes,no,cellular,mon,4,999,nonexistent,93.918,-42.7,4.96,no
29,admin.,married,high.school,no,yes,no,cellular,mon,3,999,nonexistent,93.918,-42.7,4.96,no
37,admin.,single,high.school,unknown,no,no,cellular,tue,6,999,nonexistent,93.918,-42.7,4.961,no
46,blue-collar,married,unknown,no,yes,no,cellular,tue,1,999,nonexistent,93.918,-42.7,4.961,no
42,entrepreneur,married,university.degree,no,yes,no,cellular,tue,1,999,nonexistent,93.918,-42.7,4.961,no
41,blue-collar,married,basic.9y,no,yes,no,cellular,tue,2,999,nonexistent,93.918,-42.7,4.961,no
28,technician,single,high.school,no,yes,no,cellular,tue,2,999,nonexistent,93.918,-42.7,4.961,no
30,admin.,single,university.degree,no,no,yes,cellular,tue,2,999,nonexistent,93.918,-42.7,4.961,no
41,blue-collar,married,basic.9y,no,no,no,cellular,tue,4,999,nonexistent,93.918,-42.7,4.961,no
36,blue-collar,married,basic.6y,no,yes,no,cellular,tue,4,999,nonexistent,93.918,-42.7,4.961,no
42,housemaid,married,basic.4y,unknown,no,yes,cellular,wed,1,999,nonexistent,93.918,-42.7,4.963,no
39,admin.,married,basic.6y,unknown,no,no,cellular,wed,1,999,nonexistent,93.918,-42.7,4.963,no
37,unemployed,single,basic.9y,unknown,yes,yes,cellular,wed,1,999,nonexistent,93.918,-42.7,4.963,no
36,blue-collar,married,basic.9y,no,no,yes,cellular,wed,1,999,nonexistent,93.918,-42.7,4.963,no
32,student,single,high.school,no,yes,no,cellular,thu,2,999,nonexistent,93.918,-42.7,4.962,no
59,admin.,married,basic.4y,unknown,yes,no,cellular,thu,1,999,nonexistent,93.918,-42.7,4.962,no
36,management,married,unknown,unknown,yes,no,cellular,thu,1,999,nonexistent,93.918,-42.7,4.962,no
49,technician,married,professional.course,no,yes,no,cellular,thu,3,999,nonexistent,93.918,-42.7,4.962,no
38,admin.,single,university.degree,no,yes,yes,cellular,thu,3,999,nonexistent,93.918,-42.7,4.962,no
27,admin.,married,university.degree,no,no,yes,cellular,fri,2,999,nonexistent,93.918,-42.7,4.962,no
60,retired,married,basic.6y,unknown,no,no,cellular,fri,1,999,nonexistent,93.918,-42.7,4.962,no
51,blue-collar,married,basic.9y,unknown,yes,no,cellular,fri,1,999,nonexistent,93.918,-42.7,4.962,no
55,retired,married,professional.course,no,yes,no,cellular,fri,8,999,nonexistent,93.918,-42.7,4.962,no
43,blue-collar,married,basic.9y,no,no,no,cellular,mon,6,999,nonexistent,93.918,-42.7,4.962,no
46,management,married,university.degree,no,no,no,cellular,mon,2,999,nonexistent,93.918,-42.7,4.962,no
40,blue-collar,married,professional.course,no,no,no,cellular,mon,2,999,nonexistent,93.918,-42.7,4.962,no
48,technician,married,unknown,no,yes,no,cellular,mon,2,999,nonexistent,93.918,-42.7,4.962,no
49,management,married,university.degree,unknown,yes,no,telephone,mon,12,999,nonexistent,93.918,-42.7,4.962,no
45,self-employed,divorced,university.degree,no,no,no,cellular,tue,4,999,nonexistent,93.918,-42.7,4.961,no
33,admin.,married,university.degree,no,no,no,cellular,tue,1,999,nonexistent,93.918,-42.7,4.961,no
38,unemployed,married,basic.4y,unknown,no,no,cellular,tue,1,999,nonexistent,93.918,-42.7,4.961,no
57,admin.,divorced,university.degree,unknown,yes,yes,cellular,tue,6,999,nonexistent,93.918,-42.7,4.961,no
39,admin.,single,university.degree,no,yes,no,cellular,wed,1,999,nonexistent,93.918,-42.7,4.963,no
34,technician,single,professional.course,unknown,yes,no,cellular,wed,2,999,nonexistent,93.918,-42.7,4.963,no
29,technician,married,university.degree,no,yes,no,cellular,wed,5,999,nonexistent,93.918,-42.7,4.963,no
45,unknown,single,high.school,no,yes,no,cellular,wed,3,999,nonexistent,93.918,-42.7,4.963,no
32,management,single,university.degree,no,no,no,cellular,wed,3,999,nonexistent,93.918,-42.7,4.963,no
24,admin.,single,high.school,no,yes,no,cellular,thu,3,999,nonexistent,93.918,-42.7,4.968,no
29,admin.,single,university.degree,no,no,no,cellular,thu,14,999,nonexistent,93.918,-42.7,4.968,no
28,admin.,single,university.degree,no,no,no,cellular,thu,2,999,nonexistent,93.918,-42.7,4.968,yes
27,self-employed,married,university.degree,no,yes,no,telephone,thu,3,999,nonexistent,93.918,-42.7,4.968,no
22,unemployed,single,high.school,no,yes,no,cellular,thu,3,999,nonexistent,93.918,-42.7,4.968,no
48,blue-collar,married,professional.course,no,no,no,cellular,thu,25,999,nonexistent,93.918,-42.7,4.968,no
54,admin.,married,university.degree,unknown,yes,no,cellular,thu,5,999,nonexistent,93.918,-42.7,4.968,no
33,student,divorced,professional.course,no,no,no,cellular,mon,1,999,nonexistent,93.444,-36.1,4.97,no
34,admin.,single,university.degree,no,no,yes,cellular,mon,3,999,nonexistent,93.444,-36.1,4.97,no
52,technician,divorced,university.degree,no,no,no,cellular,tue,1,999,nonexistent,93.444,-36.1,4.968,no
42,technician,married,high.school,no,yes,no,cellular,tue,1,999,nonexistent,93.444,-36.1,4.968,no
34,technician,single,university.degree,no,yes,yes,cellular,wed,3,999,nonexistent,93.444,-36.1,4.967,no
37,management,married,university.degree,no,no,no,cellular,wed,2,999,nonexistent,93.444,-36.1,4.967,no
51,technician,married,high.school,unknown,unknown,unknown,cellular,wed,1,999,nonexistent,93.444,-36.1,4.967,no
32,admin.,single,university.degree,no,no,no,cellular,wed,1,999,nonexistent,93.444,-36.1,4.967,no
30,admin.,single,university.degree,no,yes,no,cellular,wed,1,999,nonexistent,93.444,-36.1,4.967,no
31,management,married,university.degree,no,yes,yes,cellular,wed,2,999,nonexistent,93.444,-36.1,4.967,no
31,admin.,married,university.degree,no,yes,no,cellular,wed,1,999,nonexistent,93.444,-36.1,4.967,no
33,technician,single,professional.course,no,yes,no,cellular,wed,1,999,nonexistent,93.444,-36.1,4.967,no
33,technician,single,professional.course,no,no,no,cellular,wed,1,999,nonexistent,93.444,-36.1,4.967,no
48,blue-collar,married,unknown,no,yes,yes,cellular,wed,1,999,nonexistent,93.444,-36.1,4.967,no
52,blue-collar,married,basic.4y,unknown,yes,yes,cellular,wed,4,999,nonexistent,93.444,-36.1,4.967,no
33,technician,married,high.school,no,no,yes,cellular,thu,2,999,nonexistent,93.444,-36.1,4.968,no
31,services,married,professional.course,unknown,yes,no,cellular,thu,5,999,nonexistent,93.444,-36.1,4.968,no
39,management,married,university.degree,no,no,no,cellular,thu,6,999,nonexistent,93.444,-36.1,4.968,no
55,admin.,married,unknown,unknown,yes,no,cellular,thu,4,999,nonexistent,93.444,-36.1,4.968,no
44,blue-collar,married,professional.course,no,no,no,cellular,fri,4,999,nonexistent,93.444,-36.1,4.966,no
50,unemployed,married,professional.course,unknown,yes,no,cellular,fri,1,999,nonexistent,93.444,-36.1,4.966,no
44,management,married,university.degree,no,no,no,cellular,fri,1,999,nonexistent,93.444,-36.1,4.966,no
33,technician,single,professional.course,no,yes,yes,cellular,fri,1,999,nonexistent,93.444,-36.1,4.966,no
37,technician,divorced,professional.course,no,no,no,cellular,fri,2,999,nonexistent,93.444,-36.1,4.966,no
52,blue-collar,married,basic.6y,no,yes,no,cellular,fri,1,999,nonexistent,93.444,-36.1,4.966,no
34,technician,single,professional.course,no,no,no,cellular,fri,4,999,nonexistent,93.444,-36.1,4.966,no
33,technician,married,professional.course,no,no,no,cellular,fri,7,999,nonexistent,93.444,-36.1,4.966,no
30,blue-collar,married,high.school,no,yes,no,cellular,fri,3,999,nonexistent,93.444,-36.1,4.966,no
30,admin.,single,university.degree,no,no,no,cellular,mon,1,999,nonexistent,93.444,-36.1,4.965,no
30,admin.,single,university.degree,no,yes,no,cellular,mon,1,999,nonexistent,93.444,-36.1,4.965,no
50,management,married,university.degree,unknown,yes,no,cellular,mon,2,999,nonexistent,93.444,-36.1,4.965,no
38,admin.,married,university.degree,no,no,no,cellular,tue,1,999,nonexistent,93.444,-36.1,4.966,no
53,admin.,divorced,university.degree,no,no,no,cellular,tue,1,999,nonexistent,93.444,-36.1,4.966,no
42,technician,divorced,professional.course,no,yes,yes,cellular,tue,1,999,nonexistent,93.444,-36.1,4.966,no
31,unemployed,single,university.degree,no,yes,no,cellular,tue,2,999,nonexistent,93.444,-36.1,4.966,no
53,entrepreneur,married,basic.9y,unknown,yes,no,cellular,tue,5,999,nonexistent,93.444,-36.1,4.966,no
32,technician,married,university.degree,no,yes,no,cellular,tue,2,999,nonexistent,93.444,-36.1,4.966,no
35,technician,single,university.degree,no,yes,no,cellular,tue,3,999,nonexistent,93.444,-36.1,4.966,no
39,technician,divorced,professional.course,no,yes,yes,cellular,tue,2,999,nonexistent,93.444,-36.1,4.966,no
45,admin.,married,high.school,unknown,yes,no,cellular,tue,1,999,nonexistent,93.444,-36.1,4.966,no
41,technician,married,professional.course,no,yes,no,cellular,tue,1,999,nonexistent,93.444,-36.1,4.966,no
49,blue-collar,married,basic.9y,unknown,no,no,cellular,tue,2,999,nonexistent,93.444,-36.1,4.966,no
35,technician,married,university.degree,no,yes,no,cellular,wed,1,999,nonexistent,93.444,-36.1,4.965,no
52,admin.,married,high.school,no,no,no,cellular,wed,1,999,nonexistent,93.444,-36.1,4.965,no
57,technician,divorced,university.degree,no,yes,no,cellular,wed,1,999,nonexistent,93.444,-36.1,4.965,no
30,admin.,married,university.degree,no,no,no,cellular,wed,2,999,nonexistent,93.444,-36.1,4.965,no
53,services,married,high.school,unknown,yes,no,cellular,thu,1,999,nonexistent,93.444,-36.1,4.964,no
34,technician,single,university.degree,no,yes,no,cellular,thu,1,999,nonexistent,93.444,-36.1,4.964,no
47,technician,married,university.degree,no,yes,no,cellular,thu,2,999,nonexistent,93.444,-36.1,4.964,no
53,technician,married,professional.course,no,yes,no,cellular,thu,2,999,nonexistent,93.444,-36.1,4.964,no
54,technician,married,professional.course,no,yes,yes,cellular,thu,2,999,nonexistent,93.444,-36.1,4.964,no
32,technician,single,university.degree,no,yes,no,cellular,thu,2,999,nonexistent,93.444,-36.1,4.964,no
30,admin.,married,university.degree,no,no,no,cellular,mon,3,999,nonexistent,93.444,-36.1,4.963,no
49,services,married,basic.4y,unknown,no,no,cellular,mon,2,999,nonexistent,93.444,-36.1,4.963,no
38,technician,divorced,university.degree,unknown,yes,no,cellular,mon,2,999,nonexistent,93.444,-36.1,4.963,no
35,housemaid,single,professional.course,no,yes,yes,cellular,mon,1,999,nonexistent,93.444,-36.1,4.963,no
37,admin.,married,professional.course,unknown,yes,yes,cellular,mon,1,999,nonexistent,93.444,-36.1,4.963,no
54,blue-collar,married,basic.9y,no,yes,no,cellular,mon,1,999,nonexistent,93.444,-36.1,4.963,no
30,technician,single,university.degree,no,no,no,cellular,mon,3,999,nonexistent,93.444,-36.1,4.963,no
34,admin.,single,university.degree,no,yes,no,cellular,mon,4,999,nonexistent,93.444,-36.1,4.963,no
55,blue-collar,married,basic.4y,unknown,no,no,cellular,mon,4,999,nonexistent,93.444,-36.1,4.963,no
35,admin.,single,university.degree,no,yes,no,cellular,mon,4,999,nonexistent,93.444,-36.1,4.963,no
31,technician,single,professional.course,no,yes,no,cellular,tue,1,999,nonexistent,93.444,-36.1,4.963,no
39,admin.,single,university.degree,no,yes,no,cellular,tue,1,999,nonexistent,93.444,-36.1,4.963,no
34,technician,married,high.school,unknown,no,no,cellular,tue,1,999,nonexistent,93.444,-36.1,4.963,no
32,admin.,single,university.degree,no,yes,no,cellular,tue,2,999,nonexistent,93.444,-36.1,4.963,no
36,unemployed,single,professional.course,no,yes,yes,telephone,tue,1,999,nonexistent,93.444,-36.1,4.963,no
53,self-employed,married,basic.4y,no,no,no,cellular,tue,11,999,nonexistent,93.444,-36.1,4.963,no
33,admin.,single,university.degree,no,yes,yes,cellular,tue,4,999,nonexistent,93.444,-36.1,4.963,no
31,admin.,married,university.degree,no,yes,no,cellular,wed,1,999,nonexistent,93.444,-36.1,4.964,no
31,unemployed,married,university.degree,no,yes,no,cellular,wed,9,999,nonexistent,93.444,-36.1,4.964,no
41,admin.,divorced,university.degree,no,yes,no,cellular,wed,2,999,nonexistent,93.444,-36.1,4.964,no
59,retired,married,high.school,no,yes,no,cellular,wed,5,999,nonexistent,93.444,-36.1,4.964,no
36,admin.,married,university.degree,no,yes,no,cellular,wed,3,999,nonexistent,93.444,-36.1,4.964,no
46,self-employed,married,university.degree,no,no,yes,cellular,thu,3,999,nonexistent,93.444,-36.1,4.963,no
30,technician,married,high.school,no,no,no,cellular,thu,2,999,nonexistent,93.444,-36.1,4.963,no
57,technician,married,university.degree,no,no,no,cellular,thu,1,999,nonexistent,93.444,-36.1,4.963,no
30,technician,single,university.degree,no,yes,yes,cellular,fri,1,999,nonexistent,93.444,-36.1,4.964,no
31,blue-collar,married,basic.4y,no,no,no,cellular,fri,2,999,nonexistent,93.444,-36.1,4.964,no
32,admin.,single,university.degree,no,yes,yes,cellular,fri,3,999,nonexistent,93.444,-36.1,4.964,no
57,self-employed,married,university.degree,unknown,yes,no,cellular,mon,2,999,nonexistent,93.444,-36.1,4.965,no
49,blue-collar,married,unknown,unknown,yes,no,cellular,mon,4,999,nonexistent,93.444,-36.1,4.965,no
52,blue-collar,married,basic.4y,no,yes,no,cellular,mon,4,999,nonexistent,93.444,-36.1,4.965,no
29,admin.,single,university.degree,no,no,no,cellular,mon,4,999,nonexistent,93.444,-36.1,4.965,no
40,admin.,married,university.degree,no,yes,no,cellular,tue,3,999,nonexistent,93.444,-36.1,4.965,no
37,housemaid,married,basic.4y,unknown,yes,no,cellular,tue,1,999,nonexistent,93.444,-36.1,4.965,no
57,retired,married,basic.9y,no,yes,yes,cellular,tue,4,999,nonexistent,93.444,-36.1,4.965,no
51,admin.,married,university.degree,no,yes,no,cellular,tue,7,999,nonexistent,93.444,-36.1,4.965,no
47,management,married,university.degree,no,yes,no,cellular,tue,8,999,nonexistent,93.444,-36.1,4.965,no
38,admin.,married,university.degree,no,yes,no,cellular,tue,6,999,nonexistent,93.444,-36.1,4.965,no
47,technician,divorced,high.school,no,yes,no,cellular,wed,3,999,nonexistent,93.444,-36.1,4.964,no
39,technician,married,professional.course,no,no,no,cellular,wed,14,999,nonexistent,93.444,-36.1,4.964,no
37,technician,married,university.degree,no,no,no,cellular,thu,1,999,nonexistent,93.444,-36.1,4.962,no
35,technician,married,university.degree,unknown,no,no,cellular,thu,5,999,nonexistent,93.444,-36.1,4.962,no
42,management,married,university.degree,no,yes,no,cellular,thu,4,999,nonexistent,93.444,-36.1,4.962,no
35,technician,married,university.degree,no,yes,no,cellular,thu,10,999,nonexistent,93.444,-36.1,4.962,no
43,admin.,married,university.degree,no,yes,no,cellular,thu,13,999,nonexistent,93.444,-36.1,4.962,no
51,blue-collar,married,basic.9y,unknown,no,no,cellular,fri,1,999,nonexistent,93.444,-36.1,4.963,no
33,technician,single,university.degree,no,no,no,cellular,fri,1,999,nonexistent,93.444,-36.1,4.963,no
30,admin.,married,university.degree,no,yes,no,cellular,fri,1,999,nonexistent,93.444,-36.1,4.963,no
53,self-employed,married,university.degree,no,no,no,cellular,fri,1,999,nonexistent,93.444,-36.1,4.963,no
29,technician,single,university.degree,no,no,no,telephone,fri,1,999,nonexistent,93.444,-36.1,4.963,no
38,admin.,married,university.degree,no,yes,no,telephone,fri,1,999,nonexistent,93.444,-36.1,4.963,no
56,unknown,married,unknown,no,no,no,telephone,fri,1,999,nonexistent,93.798,-40.4,5.045,no
59,admin.,married,university.degree,no,no,no,telephone,tue,1,999,nonexistent,93.798,-40.4,4.968,no
39,blue-collar,married,basic.9y,no,yes,no,telephone,fri,1,999,nonexistent,93.798,-40.4,4.918,no
26,admin.,single,university.degree,no,yes,no,telephone,mon,1,999,nonexistent,93.798,-40.4,4.912,no
31,admin.,single,university.degree,no,yes,no,telephone,tue,1,999,nonexistent,93.798,-40.4,4.86,no
38,entrepreneur,married,basic.4y,no,no,no,telephone,fri,1,999,nonexistent,93.798,-40.4,4.76,no
25,management,married,university.degree,no,yes,no,telephone,wed,1,999,nonexistent,93.2,-42,4.663,no
27,self-employed,married,professional.course,no,no,no,telephone,wed,1,999,nonexistent,93.2,-42,4.663,no
41,admin.,single,high.school,no,yes,no,telephone,thu,1,999,nonexistent,93.2,-42,4.592,no
27,student,single,university.degree,no,yes,no,telephone,mon,1,999,nonexistent,93.2,-42,4.406,no
36,admin.,married,high.school,no,yes,no,telephone,wed,1,999,failure,93.2,-42,4.286,no
48,services,married,unknown,no,no,no,cellular,mon,1,999,nonexistent,93.2,-42,4.191,no
47,services,divorced,high.school,no,yes,no,cellular,mon,1,999,nonexistent,93.2,-42,4.191,no
49,blue-collar,divorced,high.school,no,no,no,telephone,mon,1,999,nonexistent,93.2,-42,4.191,no
35,entrepreneur,single,basic.9y,no,yes,no,cellular,mon,2,999,nonexistent,93.2,-42,4.191,no
42,admin.,single,high.school,no,yes,no,cellular,mon,1,999,failure,93.2,-42,4.191,no
57,technician,married,professional.course,no,no,no,cellular,mon,2,999,nonexistent,93.2,-42,4.191,no
35,blue-collar,divorced,high.school,no,no,yes,cellular,mon,2,999,failure,93.2,-42,4.191,no
45,admin.,married,basic.9y,no,yes,no,cellular,mon,3,999,nonexistent,93.2,-42,4.191,no
51,admin.,married,university.degree,no,no,no,cellular,tue,1,999,nonexistent,93.2,-42,4.153,no
37,self-employed,divorced,basic.9y,no,yes,no,cellular,tue,1,999,nonexistent,93.2,-42,4.153,no
51,technician,married,unknown,no,no,no,cellular,tue,1,999,nonexistent,93.2,-42,4.153,no
39,management,single,high.school,unknown,no,no,cellular,tue,1,999,failure,93.2,-42,4.153,no
52,management,married,university.degree,no,unknown,unknown,cellular,tue,1,999,nonexistent,93.2,-42,4.153,no
40,management,married,university.degree,no,no,no,cellular,tue,2,999,failure,93.2,-42,4.153,no
29,management,single,university.degree,no,no,no,cellular,tue,1,999,nonexistent,93.2,-42,4.153,no
46,self-employed,married,basic.6y,unknown,yes,no,cellular,tue,1,999,failure,93.2,-42,4.153,no
51,blue-collar,married,basic.4y,unknown,no,no,cellular,tue,1,999,nonexistent,93.2,-42,4.153,no
49,admin.,married,university.degree,no,no,no,cellular,tue,1,999,failure,93.2,-42,4.153,no
35,technician,married,professional.course,no,no,no,cellular,tue,3,999,nonexistent,93.2,-42,4.153,no
41,technician,married,basic.9y,no,yes,no,telephone,tue,2,999,failure,93.2,-42,4.153,no
41,blue-collar,married,professional.course,unknown,yes,no,cellular,tue,2,999,nonexistent,93.2,-42,4.153,no
38,self-employed,married,professional.course,no,no,no,cellular,tue,2,999,nonexistent,93.2,-42,4.153,no
34,technician,single,professional.course,no,yes,no,cellular,tue,2,999,nonexistent,93.2,-42,4.153,no
39,blue-collar,married,basic.9y,no,yes,no,cellular,tue,4,999,failure,93.2,-42,4.153,no
31,technician,married,university.degree,no,no,no,cellular,wed,1,999,failure,93.2,-42,4.12,no
30,technician,married,university.degree,no,yes,no,cellular,wed,1,999,nonexistent,93.2,-42,4.12,no
33,services,single,high.school,no,yes,no,cellular,wed,2,999,nonexistent,93.2,-42,4.12,no
47,unemployed,married,professional.course,no,yes,no,cellular,wed,1,999,nonexistent,93.2,-42,4.12,no
32,entrepreneur,married,high.school,no,yes,no,cellular,wed,1,999,nonexistent,93.2,-42,4.12,no
33,technician,married,university.degree,no,no,no,cellular,wed,1,999,nonexistent,93.2,-42,4.12,no
30,blue-collar,married,basic.9y,no,yes,no,cellular,wed,1,999,nonexistent,93.2,-42,4.12,no
36,entrepreneur,single,university.degree,no,yes,no,cellular,wed,1,999,nonexistent,93.2,-42,4.12,no
29,management,single,university.degree,no,no,no,cellular,wed,1,999,nonexistent,93.2,-42,4.12,no
29,blue-collar,single,basic.9y,no,yes,no,cellular,wed,1,999,nonexistent,93.2,-42,4.12,no
36,management,married,university.degree,no,yes,no,cellular,wed,2,999,nonexistent,93.2,-42,4.12,no
30,admin.,married,university.degree,no,yes,no,cellular,wed,5,999,nonexistent,93.2,-42,4.12,no
35,admin.,married,university.degree,no,yes,yes,cellular,wed,2,999,nonexistent,93.2,-42,4.12,no
56,blue-collar,divorced,basic.9y,no,yes,no,cellular,wed,3,999,nonexistent,93.2,-42,4.12,no
37,entrepreneur,married,university.degree,no,no,no,telephone,wed,2,999,failure,93.2,-42,4.12,no
52,management,married,university.degree,no,yes,no,cellular,wed,3,999,nonexistent,93.2,-42,4.12,no
36,management,divorced,high.school,no,no,yes,cellular,wed,2,999,nonexistent,93.2,-42,4.12,no
29,blue-collar,married,high.school,no,yes,no,telephone,thu,3,999,nonexistent,93.2,-42,4.076,no
46,unemployed,married,basic.6y,no,yes,no,cellular,thu,4,999,nonexistent,93.2,-42,4.076,no
53,technician,divorced,high.school,no,no,no,cellular,thu,1,999,nonexistent,93.2,-42,4.076,no
30,technician,married,university.degree,no,no,yes,cellular,thu,1,999,failure,93.2,-42,4.076,no
50,blue-collar,married,professional.course,unknown,no,no,cellular,thu,1,999,nonexistent,93.2,-42,4.076,no
32,unemployed,married,high.school,no,yes,no,cellular,thu,1,999,nonexistent,93.2,-42,4.076,no
44,admin.,single,university.degree,no,yes,no,cellular,thu,4,999,nonexistent,93.2,-42,4.076,yes
56,blue-collar,married,basic.9y,no,yes,no,cellular,thu,1,999,failure,93.2,-42,4.076,no
30,admin.,married,university.degree,no,yes,no,cellular,thu,3,999,nonexistent,93.2,-42,4.076,no
30,blue-collar,single,basic.9y,unknown,yes,no,cellular,thu,2,999,nonexistent,93.2,-42,4.076,no
47,entrepreneur,divorced,basic.9y,no,no,no,cellular,thu,2,999,nonexistent,93.2,-42,4.076,no
33,technician,divorced,professional.course,no,yes,no,cellular,thu,3,999,failure,93.2,-42,4.076,no
44,admin.,single,university.degree,no,yes,yes,cellular,thu,4,999,nonexistent,93.2,-42,4.076,no
29,admin.,single,university.degree,no,yes,yes,cellular,thu,1,999,nonexistent,93.2,-42,4.076,no
37,blue-collar,divorced,professional.course,no,yes,no,cellular,thu,1,999,nonexistent,93.2,-42,4.076,no
35,admin.,single,university.degree,no,yes,no,cellular,thu,2,999,failure,93.2,-42,4.076,no
33,blue-collar,married,basic.9y,unknown,yes,no,cellular,thu,1,999,nonexistent,93.2,-42,4.076,no
41,blue-collar,married,basic.4y,no,no,no,cellular,thu,3,999,failure,93.2,-42,4.076,no
39,services,single,university.degree,unknown,yes,no,cellular,thu,3,999,nonexistent,93.2,-42,4.076,no
36,self-employed,married,basic.9y,no,yes,yes,cellular,thu,3,999,nonexistent,93.2,-42,4.076,no
55,unemployed,married,university.degree,no,yes,no,cellular,thu,2,999,nonexistent,93.2,-42,4.076,no
46,management,single,university.degree,no,no,yes,cellular,thu,8,999,nonexistent,93.2,-42,4.076,no
32,admin.,single,university.degree,no,no,yes,cellular,thu,2,999,failure,93.2,-42,4.076,no
33,management,single,university.degree,no,no,no,cellular,thu,3,999,nonexistent,93.2,-42,4.076,no
34,admin.,married,high.school,no,no,no,cellular,thu,4,999,nonexistent,93.2,-42,4.076,no
39,admin.,married,university.degree,no,yes,no,telephone,thu,4,999,nonexistent,93.2,-42,4.076,no
49,technician,married,basic.4y,no,yes,no,cellular,fri,3,999,nonexistent,93.2,-42,4.021,no
46,admin.,married,university.degree,no,yes,no,cellular,fri,1,999,nonexistent,93.2,-42,4.021,no
44,self-employed,divorced,professional.course,no,yes,no,cellular,fri,2,999,nonexistent,93.2,-42,4.021,no
56,management,married,basic.9y,no,yes,yes,cellular,fri,2,999,failure,93.2,-42,4.021,no
54,admin.,divorced,high.school,no,no,no,cellular,fri,6,999,nonexistent,93.2,-42,4.021,no
43,technician,single,high.school,no,no,no,cellular,fri,2,999,nonexistent,93.2,-42,4.021,no
35,management,married,university.degree,no,yes,no,cellular,fri,9,999,nonexistent,93.2,-42,4.021,no
29,technician,single,professional.course,no,no,no,cellular,fri,5,999,nonexistent,93.2,-42,4.021,no
48,blue-collar,married,basic.4y,no,yes,no,cellular,fri,2,999,nonexistent,93.2,-42,4.021,no
26,student,single,basic.9y,no,yes,yes,cellular,mon,4,999,failure,92.843,-50,1.811,no
30,management,married,university.degree,no,no,no,cellular,mon,1,999,nonexistent,92.843,-50,1.811,no
26,admin.,married,university.degree,no,yes,no,cellular,mon,1,999,nonexistent,92.843,-50,1.811,no
26,admin.,married,university.degree,no,yes,no,cellular,mon,5,999,nonexistent,92.843,-50,1.811,no
28,admin.,single,high.school,no,yes,no,cellular,tue,2,999,nonexistent,92.843,-50,1.799,no
43,blue-collar,married,basic.9y,no,no,no,cellular,tue,2,999,nonexistent,92.843,-50,1.799,no
24,services,single,unknown,no,yes,no,cellular,tue,13,999,nonexistent,92.843,-50,1.799,no
34,technician,single,professional.course,no,yes,yes,cellular,fri,1,999,nonexistent,92.843,-50,1.726,no
32,management,single,university.degree,no,yes,no,cellular,tue,3,999,nonexistent,92.843,-50,1.687,no
39,admin.,single,high.school,no,yes,no,cellular,tue,3,999,nonexistent,92.843,-50,1.687,no
88,retired,divorced,basic.4y,no,no,no,cellular,wed,2,999,nonexistent,92.843,-50,1.663,yes
34,technician,married,professional.course,no,no,no,telephone,mon,4,999,nonexistent,92.843,-50,1.629,no
24,admin.,single,high.school,no,yes,yes,cellular,wed,1,999,nonexistent,92.843,-50,1.602,no
31,admin.,divorced,university.degree,no,yes,yes,cellular,mon,2,999,failure,92.843,-50,1.56,no
36,management,married,university.degree,no,yes,yes,cellular,thu,1,999,nonexistent,92.843,-50,1.538,no
22,student,single,basic.9y,no,yes,no,cellular,thu,1,999,nonexistent,92.843,-50,1.538,no
66,retired,married,unknown,no,yes,no,telephone,fri,1,999,nonexistent,92.843,-50,1.531,no
33,blue-collar,married,basic.6y,no,yes,no,cellular,wed,3,999,nonexistent,93.075,-47.1,1.498,no
32,blue-collar,married,basic.9y,no,yes,no,cellular,fri,1,999,nonexistent,93.075,-47.1,1.479,no
34,blue-collar,married,basic.9y,unknown,yes,no,telephone,mon,2,5,success,93.075,-47.1,1.466,no
37,blue-collar,married,basic.6y,no,yes,no,cellular,mon,2,999,failure,93.075,-47.1,1.466,no
63,retired,married,unknown,no,no,no,cellular,wed,1,999,failure,93.075,-47.1,1.445,no
35,admin.,married,high.school,no,yes,no,cellular,wed,1,999,nonexistent,93.075,-47.1,1.445,no
32,services,divorced,high.school,no,no,no,cellular,thu,3,999,nonexistent,93.075,-47.1,1.435,no
30,self-employed,single,university.degree,no,yes,no,cellular,thu,1,999,failure,93.075,-47.1,1.435,no
37,blue-collar,married,professional.course,no,no,no,cellular,thu,1,999,nonexistent,93.075,-47.1,1.435,no
41,technician,married,professional.course,no,yes,no,cellular,tue,5,999,failure,93.075,-47.1,1.423,no
30,admin.,married,university.degree,no,yes,yes,cellular,tue,1,999,nonexistent,93.075,-47.1,1.423,no
28,blue-collar,single,university.degree,no,no,no,cellular,tue,3,999,nonexistent,93.075,-47.1,1.423,no
42,self-employed,married,university.degree,no,yes,no,cellular,tue,1,999,failure,93.075,-47.1,1.423,no
46,technician,married,professional.course,no,no,no,cellular,tue,1,999,nonexistent,93.075,-47.1,1.423,no
44,unemployed,divorced,basic.9y,no,no,no,cellular,wed,1,999,nonexistent,93.075,-47.1,1.415,no
66,retired,married,basic.4y,no,yes,no,cellular,wed,11,999,nonexistent,93.075,-47.1,1.415,no
41,services,single,high.school,no,yes,yes,cellular,wed,2,999,nonexistent,93.075,-47.1,1.415,no
26,blue-collar,married,basic.9y,no,no,no,cellular,thu,2,999,nonexistent,93.075,-47.1,1.41,yes
40,services,married,high.school,no,yes,no,cellular,thu,2,999,nonexistent,93.075,-47.1,1.41,no
35,admin.,single,high.school,no,yes,no,cellular,thu,1,999,nonexistent,93.075,-47.1,1.41,no
33,technician,married,professional.course,no,no,no,cellular,thu,1,999,nonexistent,93.075,-47.1,1.41,no
41,blue-collar,divorced,basic.4y,no,no,yes,cellular,thu,2,999,nonexistent,93.075,-47.1,1.41,no
56,admin.,married,basic.9y,no,yes,no,cellular,thu,2,999,nonexistent,93.075,-47.1,1.41,no
45,services,divorced,basic.4y,no,no,no,cellular,thu,1,999,nonexistent,93.075,-47.1,1.41,no
54,blue-collar,married,unknown,unknown,yes,no,cellular,fri,2,999,nonexistent,93.075,-47.1,1.405,no
29,admin.,single,university.degree,no,no,no,cellular,fri,1,999,nonexistent,93.075,-47.1,1.405,no
32,management,single,university.degree,no,yes,no,cellular,fri,1,999,nonexistent,93.075,-47.1,1.405,no
34,blue-collar,divorced,basic.4y,no,yes,no,cellular,fri,1,999,failure,93.075,-47.1,1.405,no
24,services,single,high.school,no,yes,no,cellular,fri,1,999,nonexistent,93.075,-47.1,1.405,no
45,management,married,university.degree,no,yes,yes,cellular,fri,1,999,failure,93.075,-47.1,1.405,no
33,technician,married,professional.course,no,no,yes,cellular,fri,1,999,failure,93.075,-47.1,1.405,no
44,admin.,single,university.degree,no,no,no,cellular,fri,2,999,nonexistent,93.075,-47.1,1.405,no
38,admin.,single,high.school,no,yes,no,cellular,fri,2,999,failure,93.075,-47.1,1.405,no
40,services,single,high.school,no,no,no,cellular,mon,2,999,nonexistent,93.075,-47.1,1.405,no
48,services,divorced,high.school,no,yes,no,cellular,mon,3,999,failure,93.075,-47.1,1.405,no
40,admin.,single,high.school,no,yes,no,cellular,mon,1,999,nonexistent,93.075,-47.1,1.405,no
56,housemaid,married,basic.4y,no,yes,no,cellular,mon,1,999,nonexistent,93.075,-47.1,1.405,no
54,technician,married,high.school,no,no,no,cellular,mon,3,999,failure,93.075,-47.1,1.405,no
25,admin.,single,university.degree,no,no,yes,cellular,mon,1,999,nonexistent,93.075,-47.1,1.405,no
33,housemaid,married,basic.4y,no,yes,no,cellular,mon,2,999,nonexistent,93.075,-47.1,1.405,no
47,housemaid,single,professional.course,no,yes,no,cellular,tue,2,999,nonexistent,93.075,-47.1,1.405,no
85,retired,married,basic.4y,unknown,yes,no,cellular,tue,3,999,nonexistent,93.075,-47.1,1.405,no
27,services,single,high.school,no,yes,no,cellular,tue,1,999,nonexistent,93.075,-47.1,1.405,no
23,admin.,single,university.degree,no,no,no,cellular,wed,1,999,failure,93.075,-47.1,1.405,no
64,retired,married,basic.4y,no,yes,no,cellular,wed,1,999,failure,93.075,-47.1,1.405,no
25,admin.,single,high.school,no,yes,no,cellular,wed,1,999,nonexistent,93.075,-47.1,1.405,no
54,technician,married,professional.course,no,yes,no,cellular,wed,2,999,nonexistent,93.075,-47.1,1.405,no
52,blue-collar,married,basic.4y,no,yes,no,cellular,wed,5,999,nonexistent,93.075,-47.1,1.405,no
26,student,single,high.school,no,yes,no,cellular,thu,4,999,nonexistent,93.075,-47.1,1.406,no
50,admin.,married,university.degree,no,yes,no,cellular,fri,1,999,nonexistent,93.075,-47.1,1.4,no
30,technician,single,university.degree,no,no,no,cellular,wed,5,999,nonexistent,93.075,-47.1,1.372,no
79,retired,married,basic.9y,no,yes,no,cellular,thu,1,999,nonexistent,93.075,-47.1,1.365,no
53,admin.,single,university.degree,no,no,no,cellular,thu,1,2,success,93.075,-47.1,1.365,no
60,admin.,married,high.school,no,no,no,cellular,thu,1,2,success,93.075,-47.1,1.365,no
41,management,married,basic.6y,no,no,no,cellular,thu,1,999,nonexistent,93.075,-47.1,1.365,no
39,technician,married,basic.9y,no,yes,no,cellular,thu,1,999,nonexistent,93.075,-47.1,1.365,no
38,self-employed,married,professional.course,no,yes,no,cellular,thu,2,999,nonexistent,93.075,-47.1,1.365,no
81,retired,married,professional.course,no,yes,no,cellular,thu,2,999,nonexistent,93.075,-47.1,1.365,no
35,technician,married,professional.course,no,no,no,cellular,thu,2,5,success,93.075,-47.1,1.365,no
46,technician,married,professional.course,no,yes,no,cellular,thu,2,999,nonexistent,93.075,-47.1,1.365,no
39,services,married,university.degree,no,no,no,cellular,thu,1,999,nonexistent,93.075,-47.1,1.365,no
29,admin.,single,university.degree,no,no,no,cellular,thu,1,999,nonexistent,93.075,-47.1,1.365,no
56,entrepreneur,married,university.degree,no,yes,no,cellular,thu,1,999,nonexistent,93.075,-47.1,1.365,no
30,admin.,married,university.degree,no,yes,no,cellular,thu,1,999,nonexistent,93.075,-47.1,1.365,no
24,student,single,high.school,no,no,yes,cellular,thu,1,999,nonexistent,93.075,-47.1,1.365,no
47,blue-collar,married,high.school,no,no,no,cellular,thu,2,999,nonexistent,93.075,-47.1,1.365,no
28,admin.,single,university.degree,no,no,yes,telephone,thu,1,999,nonexistent,93.075,-47.1,1.365,no
30,admin.,married,university.degree,no,yes,no,cellular,thu,2,999,nonexistent,93.075,-47.1,1.365,no
37,admin.,married,high.school,no,no,no,cellular,thu,3,999,nonexistent,93.075,-47.1,1.365,no
61,retired,divorced,university.degree,no,no,no,cellular,thu,2,999,nonexistent,93.075,-47.1,1.365,no
32,blue-collar,married,professional.course,no,yes,no,cellular,thu,2,999,nonexistent,93.075,-47.1,1.365,no
56,entrepreneur,married,university.degree,no,yes,no,cellular,thu,1,999,nonexistent,93.075,-47.1,1.365,no
24,student,single,high.school,no,no,yes,cellular,thu,1,999,nonexistent,93.075,-47.1,1.365,no
59,housemaid,married,professional.course,no,no,no,cellular,mon,2,999,nonexistent,92.893,-46.2,1.354,no
49,admin.,married,university.degree,no,yes,yes,telephone,mon,1,999,nonexistent,92.893,-46.2,1.354,no
30,management,single,university.degree,no,yes,yes,cellular,mon,1,999,nonexistent,92.893,-46.2,1.354,no
41,technician,married,unknown,no,yes,yes,cellular,mon,1,3,success,92.893,-46.2,1.354,no
28,blue-collar,married,basic.6y,unknown,no,no,cellular,mon,2,999,nonexistent,92.893,-46.2,1.354,no
57,admin.,single,university.degree,no,no,yes,cellular,mon,3,999,nonexistent,92.893,-46.2,1.354,no
33,blue-collar,married,high.school,unknown,yes,no,cellular,mon,2,999,nonexistent,92.893,-46.2,1.354,no
56,housemaid,married,high.school,no,yes,yes,telephone,mon,3,999,failure,92.893,-46.2,1.354,no
22,student,single,high.school,no,yes,yes,cellular,mon,3,999,nonexistent,92.893,-46.2,1.354,no
61,technician,divorced,professional.course,no,yes,no,cellular,mon,3,999,nonexistent,92.893,-46.2,1.354,no
42,admin.,married,university.degree,no,yes,no,cellular,mon,6,999,nonexistent,92.893,-46.2,1.354,no
40,admin.,married,university.degree,no,no,no,cellular,mon,4,999,nonexistent,92.893,-46.2,1.354,no
48,unemployed,married,professional.course,no,yes,yes,cellular,mon,4,999,failure,92.893,-46.2,1.354,no
50,self-employed,married,basic.9y,no,yes,yes,cellular,mon,6,3,success,92.893,-46.2,1.354,no
31,services,single,basic.9y,no,no,no,cellular,tue,1,999,nonexistent,92.893,-46.2,1.344,no
35,blue-collar,single,high.school,no,no,no,cellular,tue,1,999,nonexistent,92.893,-46.2,1.344,yes
50,technician,married,unknown,no,yes,yes,cellular,tue,1,999,nonexistent,92.893,-46.2,1.344,no
51,blue-collar,married,basic.6y,no,unknown,unknown,cellular,tue,2,999,nonexistent,92.893,-46.2,1.344,no
49,blue-collar,married,basic.6y,unknown,no,no,cellular,tue,1,999,failure,92.893,-46.2,1.344,no
36,admin.,single,university.degree,no,yes,no,telephone,tue,6,999,nonexistent,92.893,-46.2,1.344,no
48,blue-collar,married,basic.6y,no,yes,no,cellular,tue,3,999,nonexistent,92.893,-46.2,1.344,no
48,blue-collar,married,basic.9y,no,yes,no,cellular,tue,2,999,nonexistent,92.893,-46.2,1.344,no
41,blue-collar,single,basic.9y,no,yes,yes,cellular,wed,1,999,nonexistent,92.893,-46.2,1.334,no
46,admin.,married,high.school,no,no,no,cellular,wed,1,999,failure,92.893,-46.2,1.334,no
29,blue-collar,married,basic.9y,no,no,yes,cellular,wed,1,999,nonexistent,92.893,-46.2,1.334,no
33,blue-collar,married,basic.9y,unknown,no,no,cellular,wed,2,999,nonexistent,92.893,-46.2,1.334,no
31,blue-collar,married,basic.6y,unknown,yes,no,cellular,wed,2,999,nonexistent,92.893,-46.2,1.334,no
28,blue-collar,single,high.school,no,no,no,cellular,thu,1,999,nonexistent,92.893,-46.2,1.327,no
37,blue-collar,married,basic.9y,no,no,no,cellular,thu,1,999,nonexistent,92.893,-46.2,1.327,no
31,services,divorced,high.school,unknown,yes,no,cellular,thu,1,999,nonexistent,92.893,-46.2,1.327,no
37,self-employed,married,basic.4y,no,no,no,cellular,thu,1,999,nonexistent,92.893,-46.2,1.327,no
36,blue-collar,married,basic.9y,no,no,no,cellular,thu,1,999,nonexistent,92.893,-46.2,1.327,no
29,blue-collar,married,basic.6y,no,no,no,cellular,thu,2,999,nonexistent,92.893,-46.2,1.327,no
39,management,married,professional.course,no,yes,no,cellular,thu,1,6,success,92.893,-46.2,1.327,no
32,admin.,married,university.degree,no,no,no,cellular,thu,1,6,success,92.893,-46.2,1.327,no
41,self-employed,married,basic.9y,no,yes,no,cellular,thu,3,999,failure,92.893,-46.2,1.327,no
56,blue-collar,married,basic.9y,no,no,no,cellular,thu,1,999,nonexistent,92.893,-46.2,1.327,no
34,blue-collar,married,basic.9y,no,no,yes,cellular,fri,1,999,nonexistent,92.893,-46.2,1.313,no
49,blue-collar,single,unknown,unknown,yes,no,cellular,fri,1,999,failure,92.893,-46.2,1.313,no
34,blue-collar,married,university.degree,no,no,yes,cellular,fri,4,999,nonexistent,92.893,-46.2,1.313,no
35,admin.,married,university.degree,no,yes,no,cellular,fri,1,999,nonexistent,92.893,-46.2,1.313,no
34,technician,married,professional.course,no,no,no,cellular,fri,2,999,failure,92.893,-46.2,1.313,no
33,admin.,single,university.degree,no,no,no,cellular,mon,1,999,nonexistent,92.893,-46.2,1.299,no
30,blue-collar,married,basic.9y,no,yes,no,cellular,mon,1,999,failure,92.893,-46.2,1.299,no
30,technician,single,professional.course,no,yes,no,cellular,mon,1,999,nonexistent,92.893,-46.2,1.299,no
27,technician,single,basic.9y,no,no,yes,cellular,mon,1,12,success,92.893,-46.2,1.299,no
31,management,single,university.degree,no,yes,yes,cellular,mon,1,999,nonexistent,92.893,-46.2,1.299,no
26,admin.,single,high.school,no,no,no,cellular,mon,2,999,nonexistent,92.893,-46.2,1.299,no
45,management,married,basic.9y,unknown,yes,no,cellular,mon,1,999,failure,92.893,-46.2,1.299,no
35,blue-collar,married,basic.4y,no,no,yes,cellular,mon,2,999,failure,92.893,-46.2,1.299,no
47,admin.,single,high.school,no,yes,no,cellular,mon,3,999,nonexistent,92.893,-46.2,1.299,no
31,blue-collar,married,basic.6y,no,no,no,cellular,tue,3,999,failure,92.893,-46.2,1.291,no
40,services,divorced,high.school,no,no,no,cellular,tue,1,999,nonexistent,92.893,-46.2,1.291,no
27,blue-collar,single,basic.4y,no,no,no,cellular,tue,1,999,failure,92.893,-46.2,1.291,no
29,blue-collar,married,basic.4y,unknown,no,no,cellular,tue,1,999,failure,92.893,-46.2,1.291,no
45,admin.,married,university.degree,no,yes,yes,cellular,tue,1,999,nonexistent,92.893,-46.2,1.291,no
47,admin.,divorced,high.school,no,yes,no,cellular,tue,1,999,failure,92.893,-46.2,1.291,no
43,technician,single,university.degree,no,no,yes,telephone,tue,2,999,nonexistent,92.893,-46.2,1.291,no
32,admin.,married,university.degree,no,yes,no,cellular,tue,2,999,nonexistent,92.893,-46.2,1.291,no
35,blue-collar,married,basic.9y,no,no,no,cellular,tue,2,999,failure,92.893,-46.2,1.291,no
47,admin.,divorced,university.degree,unknown,no,no,cellular,wed,2,999,nonexistent,92.893,-46.2,1.281,no
38,self-employed,married,basic.9y,no,yes,yes,cellular,wed,3,999,nonexistent,92.893,-46.2,1.281,no
34,blue-collar,married,high.school,no,no,no,cellular,wed,1,999,nonexistent,92.893,-46.2,1.281,no
24,admin.,married,basic.9y,no,yes,no,cellular,wed,1,10,success,92.893,-46.2,1.281,no
33,services,single,high.school,no,yes,no,cellular,wed,1,999,failure,92.893,-46.2,1.281,no
48,admin.,divorced,unknown,no,yes,no,cellular,wed,6,999,nonexistent,92.893,-46.2,1.281,no
32,blue-collar,married,basic.6y,unknown,yes,no,cellular,wed,1,999,nonexistent,92.893,-46.2,1.281,no
29,blue-collar,married,basic.9y,no,no,no,cellular,wed,1,999,nonexistent,92.893,-46.2,1.281,no
33,management,married,basic.9y,no,yes,yes,cellular,wed,1,999,nonexistent,92.893,-46.2,1.281,no
33,blue-collar,single,basic.6y,unknown,no,no,cellular,wed,1,999,nonexistent,92.893,-46.2,1.281,no
35,blue-collar,married,basic.6y,no,no,no,telephone,wed,3,999,nonexistent,92.893,-46.2,1.281,no
45,blue-collar,single,basic.4y,no,yes,no,cellular,wed,2,999,nonexistent,92.893,-46.2,1.281,no
41,services,married,high.school,no,yes,no,cellular,wed,2,999,nonexistent,92.893,-46.2,1.281,no
23,services,married,high.school,no,yes,no,cellular,wed,3,999,nonexistent,92.893,-46.2,1.281,no
51,blue-collar,married,high.school,no,yes,no,cellular,wed,1,999,failure,92.893,-46.2,1.281,no
34,blue-collar,married,unknown,unknown,yes,no,telephone,wed,3,999,nonexistent,92.893,-46.2,1.281,no
38,blue-collar,married,basic.9y,no,yes,no,cellular,wed,5,999,nonexistent,92.893,-46.2,1.281,no
43,admin.,married,high.school,no,yes,no,telephone,wed,2,999,failure,92.893,-46.2,1.281,no
30,admin.,single,high.school,no,no,no,cellular,wed,2,999,failure,92.893,-46.2,1.281,no
28,services,single,high.school,no,no,no,cellular,wed,2,999,nonexistent,92.893,-46.2,1.281,no
44,services,divorced,high.school,no,yes,no,cellular,thu,1,999,nonexistent,92.893,-46.2,1.266,no
42,blue-collar,married,basic.9y,no,no,no,telephone,thu,1,999,nonexistent,92.893,-46.2,1.266,no
32,self-employed,single,professional.course,unknown,no,no,cellular,thu,3,999,nonexistent,92.893,-46.2,1.266,no
33,management,married,professional.course,no,no,no,cellular,thu,1,999,nonexistent,92.893,-46.2,1.266,no
29,services,married,high.school,no,yes,no,cellular,thu,2,999,nonexistent,92.893,-46.2,1.266,no
24,admin.,single,high.school,no,no,no,cellular,thu,2,999,nonexistent,92.893,-46.2,1.266,no
57,admin.,married,basic.9y,no,no,no,cellular,thu,1,999,nonexistent,92.893,-46.2,1.266,no
23,technician,single,high.school,no,no,no,cellular,thu,1,999,nonexistent,92.893,-46.2,1.266,no
33,blue-collar,married,basic.9y,unknown,no,no,cellular,thu,2,999,nonexistent,92.893,-46.2,1.266,no
26,technician,single,professional.course,no,yes,no,cellular,thu,1,999,nonexistent,92.893,-46.2,1.266,no
31,blue-collar,married,basic.9y,no,no,no,cellular,thu,1,999,nonexistent,92.893,-46.2,1.266,no
31,blue-collar,married,basic.9y,no,no,no,cellular,thu,2,999,nonexistent,92.893,-46.2,1.266,no
31,blue-collar,married,basic.4y,no,no,yes,cellular,thu,2,999,failure,92.893,-46.2,1.266,no
35,services,single,high.school,no,no,yes,telephone,thu,7,999,failure,92.893,-46.2,1.266,no
44,admin.,married,high.school,no,yes,yes,cellular,fri,4,999,nonexistent,92.893,-46.2,1.25,no
41,management,married,university.degree,no,no,no,cellular,fri,1,999,nonexistent,92.893,-46.2,1.25,no
30,management,married,university.degree,no,no,no,cellular,fri,1,999,failure,92.893,-46.2,1.25,no
45,blue-collar,single,high.school,no,yes,no,cellular,fri,1,999,nonexistent,92.893,-46.2,1.25,no
54,services,single,basic.6y,unknown,yes,no,cellular,fri,1,999,nonexistent,92.893,-46.2,1.25,no
58,admin.,married,basic.4y,unknown,no,no,cellular,fri,1,999,nonexistent,92.893,-46.2,1.25,no
51,admin.,married,high.school,no,no,yes,cellular,fri,1,999,failure,92.893,-46.2,1.25,no
31,admin.,single,university.degree,no,yes,yes,cellular,fri,4,999,failure,92.893,-46.2,1.25,no
28,admin.,single,university.degree,no,yes,no,cellular,fri,4,999,failure,92.893,-46.2,1.25,no
36,technician,married,high.school,no,yes,yes,cellular,fri,1,999,nonexistent,92.893,-46.2,1.25,no
24,blue-collar,single,high.school,no,yes,no,cellular,fri,3,999,nonexistent,92.893,-46.2,1.25,no
31,admin.,single,basic.9y,no,no,no,cellular,fri,4,999,nonexistent,92.893,-46.2,1.25,no
34,management,divorced,unknown,no,yes,no,cellular,fri,3,999,failure,92.893,-46.2,1.25,no
50,admin.,single,high.school,no,no,yes,cellular,fri,8,999,nonexistent,92.893,-46.2,1.25,no
41,management,divorced,high.school,no,no,no,cellular,mon,1,999,failure,92.893,-46.2,1.244,no
33,admin.,single,professional.course,no,yes,no,cellular,mon,1,999,nonexistent,92.893,-46.2,1.244,no
33,admin.,single,professional.course,no,no,no,cellular,mon,1,999,failure,92.893,-46.2,1.244,no
46,technician,divorced,professional.course,no,yes,no,cellular,mon,1,999,nonexistent,92.893,-46.2,1.244,no
30,services,single,high.school,no,no,no,cellular,mon,3,999,nonexistent,92.893,-46.2,1.244,no
39,technician,married,professional.course,no,yes,yes,cellular,mon,1,999,nonexistent,92.893,-46.2,1.244,no
32,blue-collar,divorced,basic.4y,no,no,no,cellular,mon,2,999,nonexistent,92.893,-46.2,1.244,no
58,management,married,university.degree,no,yes,no,cellular,mon,2,999,nonexistent,92.893,-46.2,1.244,no
37,management,divorced,university.degree,no,yes,no,cellular,mon,3,9,success,92.893,-46.2,1.244,no
40,technician,single,professional.course,no,yes,no,cellular,fri,1,999,failure,92.893,-46.2,1.259,no
27,admin.,married,high.school,no,yes,no,cellular,fri,2,999,nonexistent,92.893,-46.2,1.259,no
55,unemployed,married,basic.9y,no,no,yes,cellular,mon,1,999,nonexistent,92.893,-46.2,1.264,no
54,admin.,single,university.degree,no,yes,no,cellular,mon,1,999,nonexistent,92.893,-46.2,1.264,no
54,admin.,single,university.degree,no,no,no,cellular,mon,1,999,nonexistent,92.893,-46.2,1.264,no
37,technician,married,university.degree,no,yes,no,cellular,mon,1,3,success,92.893,-46.2,1.264,no
36,admin.,married,university.degree,no,yes,no,cellular,mon,1,999,nonexistent,92.893,-46.2,1.264,no
30,admin.,single,high.school,no,yes,no,cellular,mon,2,999,nonexistent,92.893,-46.2,1.264,no
28,self-employed,single,university.degree,no,no,yes,cellular,mon,1,999,nonexistent,92.893,-46.2,1.264,no
33,blue-collar,married,basic.9y,no,yes,no,cellular,tue,1,999,nonexistent,92.893,-46.2,1.266,no
27,student,single,high.school,no,yes,yes,cellular,tue,1,999,nonexistent,92.893,-46.2,1.266,no
35,admin.,married,high.school,no,no,no,cellular,tue,2,999,nonexistent,92.893,-46.2,1.266,no
25,admin.,single,university.degree,no,yes,no,cellular,tue,1,999,nonexistent,92.893,-46.2,1.266,yes
39,admin.,married,high.school,no,no,no,cellular,tue,2,999,nonexistent,92.893,-46.2,1.266,no
29,technician,single,high.school,no,no,yes,cellular,tue,1,999,nonexistent,92.893,-46.2,1.266,no
32,admin.,single,university.degree,no,unknown,unknown,cellular,tue,2,999,nonexistent,92.893,-46.2,1.266,no
34,admin.,married,university.degree,no,yes,no,telephone,wed,2,999,nonexistent,92.893,-46.2,1.27,no
24,admin.,single,university.degree,no,yes,no,cellular,wed,2,999,nonexistent,92.893,-46.2,1.27,no
33,admin.,single,university.degree,no,yes,no,cellular,wed,1,999,nonexistent,92.893,-46.2,1.27,no
60,admin.,married,university.degree,no,yes,no,cellular,mon,3,3,success,92.963,-40.8,1.266,no
32,technician,single,university.degree,no,no,no,cellular,mon,1,999,nonexistent,92.963,-40.8,1.266,no
32,admin.,single,university.degree,no,yes,no,cellular,mon,1,999,nonexistent,92.963,-40.8,1.266,no
26,technician,divorced,university.degree,no,no,no,cellular,tue,1,999,nonexistent,92.963,-40.8,1.262,no
32,admin.,single,high.school,no,yes,no,cellular,tue,1,999,nonexistent,92.963,-40.8,1.262,no
41,entrepreneur,married,high.school,no,yes,no,cellular,tue,1,999,nonexistent,92.963,-40.8,1.262,no
52,unknown,married,professional.course,unknown,yes,yes,cellular,tue,1,999,nonexistent,92.963,-40.8,1.262,no
26,admin.,single,university.degree,no,unknown,unknown,cellular,tue,2,3,success,92.963,-40.8,1.262,no
43,admin.,married,university.degree,no,yes,no,cellular,tue,1,999,nonexistent,92.963,-40.8,1.262,no
28,admin.,single,high.school,no,yes,no,cellular,tue,1,999,failure,92.963,-40.8,1.262,no
30,admin.,single,university.degree,no,yes,no,cellular,tue,1,999,nonexistent,92.963,-40.8,1.262,no
33,admin.,single,university.degree,no,no,no,cellular,tue,3,999,nonexistent,92.963,-40.8,1.262,no
28,technician,single,professional.course,no,yes,no,cellular,wed,2,999,nonexistent,92.963,-40.8,1.26,no
31,services,married,high.school,no,no,no,cellular,wed,4,999,nonexistent,92.963,-40.8,1.26,no
58,blue-collar,married,basic.4y,no,yes,no,cellular,wed,1,999,nonexistent,92.963,-40.8,1.26,no
29,services,single,high.school,no,yes,yes,cellular,wed,2,999,failure,92.963,-40.8,1.26,no
40,entrepreneur,married,basic.6y,no,no,no,cellular,wed,1,999,nonexistent,92.963,-40.8,1.26,no
35,admin.,married,university.degree,no,no,no,cellular,thu,3,999,nonexistent,92.963,-40.8,1.26,no
53,blue-collar,married,basic.6y,no,yes,no,cellular,thu,2,3,success,92.963,-40.8,1.26,no
29,admin.,single,university.degree,no,yes,yes,cellular,thu,1,999,nonexistent,92.963,-40.8,1.26,no
21,student,single,high.school,no,no,no,cellular,thu,1,999,nonexistent,92.963,-40.8,1.26,no
42,admin.,married,university.degree,no,no,no,cellular,thu,1,999,nonexistent,92.963,-40.8,1.26,no
30,admin.,married,university.degree,no,yes,no,cellular,thu,2,4,success,92.963,-40.8,1.26,no
32,admin.,married,university.degree,no,no,yes,cellular,thu,3,3,success,92.963,-40.8,1.26,no
35,admin.,married,university.degree,no,no,no,cellular,thu,4,999,nonexistent,92.963,-40.8,1.26,no
53,blue-collar,married,basic.9y,no,no,yes,cellular,thu,2,999,nonexistent,92.963,-40.8,1.26,no
32,admin.,single,university.degree,no,no,no,cellular,fri,1,999,nonexistent,92.963,-40.8,1.268,no
59,admin.,married,university.degree,unknown,yes,no,cellular,fri,1,999,nonexistent,92.963,-40.8,1.268,no
51,admin.,single,university.degree,no,no,no,cellular,fri,2,999,nonexistent,92.963,-40.8,1.268,no
20,student,single,high.school,no,yes,no,cellular,fri,2,999,nonexistent,92.963,-40.8,1.268,no
49,services,married,high.school,no,no,no,cellular,tue,4,999,nonexistent,92.963,-40.8,1.286,no
25,unemployed,married,university.degree,no,no,no,cellular,tue,2,999,nonexistent,92.963,-40.8,1.286,no
22,technician,single,university.degree,no,yes,no,cellular,fri,4,999,failure,92.963,-40.8,1.268,no
33,unemployed,married,university.degree,no,yes,no,cellular,mon,3,999,nonexistent,92.963,-40.8,1.26,no
20,technician,single,unknown,no,no,no,cellular,mon,1,999,nonexistent,92.963,-40.8,1.26,no
30,admin.,married,university.degree,no,yes,no,cellular,mon,1,999,nonexistent,92.963,-40.8,1.26,no
35,management,married,university.degree,no,no,no,cellular,tue,2,999,nonexistent,92.963,-40.8,1.252,no
58,retired,married,basic.4y,no,yes,no,cellular,tue,2,999,nonexistent,92.963,-40.8,1.252,no
44,unemployed,single,basic.4y,no,yes,no,telephone,tue,2,999,nonexistent,92.963,-40.8,1.252,no
24,admin.,single,university.degree,no,yes,no,cellular,wed,3,999,failure,92.963,-40.8,1.244,no
25,admin.,married,university.degree,no,yes,no,cellular,mon,3,999,nonexistent,92.963,-40.8,1.215,no
40,blue-collar,married,professional.course,no,no,no,telephone,mon,1,999,failure,92.963,-40.8,1.215,no
32,technician,single,professional.course,no,yes,yes,cellular,mon,1,999,nonexistent,92.963,-40.8,1.215,no
36,entrepreneur,single,basic.4y,no,no,no,cellular,tue,1,999,nonexistent,92.963,-40.8,1.099,no
36,entrepreneur,single,basic.4y,no,no,no,cellular,tue,1,999,nonexistent,92.963,-40.8,1.099,no
56,management,married,professional.course,no,no,no,cellular,wed,2,999,nonexistent,92.469,-33.6,1.085,no
24,self-employed,single,unknown,no,no,yes,cellular,thu,2,999,nonexistent,92.469,-33.6,1.072,no
50,admin.,married,university.degree,no,yes,no,cellular,thu,5,999,nonexistent,92.469,-33.6,1.072,no
47,blue-collar,married,professional.course,no,yes,no,cellular,fri,1,999,nonexistent,92.469,-33.6,1.059,no
27,admin.,single,unknown,no,yes,no,telephone,tue,1,999,nonexistent,92.469,-33.6,1.044,no
40,admin.,married,university.degree,no,yes,no,cellular,tue,1,999,nonexistent,92.469,-33.6,1.044,no
36,technician,married,professional.course,no,yes,no,cellular,wed,3,999,nonexistent,92.469,-33.6,1.029,no
23,blue-collar,single,high.school,no,no,no,cellular,fri,2,999,nonexistent,92.469,-33.6,1.007,no
33,admin.,divorced,university.degree,no,no,yes,cellular,thu,3,999,nonexistent,92.469,-33.6,0.927,no
26,technician,single,university.degree,no,yes,no,cellular,tue,2,999,failure,92.201,-31.4,0.884,no
59,admin.,married,high.school,no,yes,no,cellular,wed,2,2,success,92.201,-31.4,0.884,no
31,technician,divorced,professional.course,no,yes,no,cellular,thu,2,999,failure,92.201,-31.4,0.883,no
36,management,married,university.degree,no,no,no,cellular,mon,2,999,nonexistent,92.201,-31.4,0.884,no
59,admin.,divorced,professional.course,no,unknown,unknown,cellular,tue,1,4,success,92.201,-31.4,0.883,no
26,student,single,basic.9y,no,yes,no,cellular,wed,1,999,nonexistent,92.201,-31.4,0.879,no
32,technician,married,professional.course,no,yes,no,cellular,wed,1,999,nonexistent,92.201,-31.4,0.879,no
28,admin.,single,university.degree,no,no,no,cellular,thu,5,999,nonexistent,92.201,-31.4,0.873,no
36,admin.,married,university.degree,no,yes,yes,cellular,thu,2,999,failure,92.201,-31.4,0.873,no
46,admin.,married,university.degree,no,yes,no,cellular,thu,1,999,failure,92.201,-31.4,0.873,no
34,housemaid,married,university.degree,no,no,yes,cellular,thu,2,6,success,92.201,-31.4,0.873,no
39,unemployed,married,high.school,no,no,no,cellular,thu,3,999,nonexistent,92.201,-31.4,0.873,no
35,technician,married,professional.course,no,yes,no,cellular,fri,1,999,nonexistent,92.201,-31.4,0.869,no
61,management,married,university.degree,no,yes,no,cellular,fri,2,4,success,92.201,-31.4,0.869,no
73,retired,married,basic.4y,no,no,no,cellular,mon,1,999,nonexistent,92.201,-31.4,0.861,no
48,technician,married,high.school,no,yes,no,cellular,mon,1,999,nonexistent,92.201,-31.4,0.861,no
32,technician,single,university.degree,no,yes,no,cellular,wed,2,999,nonexistent,92.201,-31.4,0.854,no
74,retired,married,university.degree,no,yes,yes,cellular,wed,3,999,nonexistent,92.201,-31.4,0.854,no
34,admin.,single,university.degree,no,no,no,cellular,wed,1,999,nonexistent,92.201,-31.4,0.854,no
24,admin.,single,university.degree,no,no,no,cellular,thu,1,999,failure,92.201,-31.4,0.851,no
87,retired,divorced,basic.4y,no,no,no,cellular,fri,1,999,nonexistent,92.201,-31.4,0.849,no
74,retired,married,basic.4y,unknown,yes,no,cellular,mon,2,6,success,92.201,-31.4,0.843,no
25,admin.,single,university.degree,no,no,no,telephone,tue,3,999,nonexistent,92.201,-31.4,0.838,no
31,admin.,single,university.degree,no,no,no,cellular,thu,1,3,success,92.201,-31.4,0.829,no
27,management,single,university.degree,no,yes,no,cellular,tue,2,4,success,92.379,-29.8,0.819,no
60,retired,married,professional.course,no,yes,no,cellular,thu,1,3,success,92.379,-29.8,0.809,no
46,admin.,married,high.school,no,yes,yes,cellular,fri,3,999,nonexistent,92.379,-29.8,0.803,no
59,admin.,married,unknown,no,no,yes,cellular,mon,4,999,failure,92.379,-29.8,0.797,no
30,management,married,university.degree,no,yes,no,telephone,mon,1,999,failure,92.379,-29.8,0.797,no
31,admin.,single,high.school,no,yes,no,cellular,fri,1,999,nonexistent,92.379,-29.8,0.773,no
71,retired,married,unknown,no,yes,no,cellular,fri,4,999,nonexistent,92.379,-29.8,0.773,no
38,admin.,single,university.degree,unknown,yes,no,cellular,wed,1,3,success,92.379,-29.8,0.768,no
44,technician,married,professional.course,no,yes,no,cellular,tue,1,4,success,92.379,-29.8,0.755,no
22,services,single,professional.course,no,yes,yes,cellular,tue,1,3,success,92.379,-29.8,0.755,no
50,management,married,university.degree,no,yes,no,cellular,thu,2,4,success,92.431,-26.9,0.754,no
43,management,single,university.degree,no,yes,no,cellular,tue,1,999,nonexistent,92.431,-26.9,0.744,no
65,retired,married,high.school,no,yes,no,cellular,tue,2,999,nonexistent,92.431,-26.9,0.744,no
80,retired,divorced,basic.4y,no,no,no,cellular,tue,1,999,nonexistent,92.431,-26.9,0.744,no
75,retired,married,basic.9y,no,no,no,cellular,mon,1,999,nonexistent,92.431,-26.9,0.743,no
71,retired,single,university.degree,no,no,no,telephone,tue,1,999,nonexistent,92.431,-26.9,0.742,no
30,management,married,university.degree,no,yes,no,cellular,tue,2,999,nonexistent,92.431,-26.9,0.742,no
58,unemployed,married,basic.9y,no,no,yes,cellular,tue,1,999,failure,92.431,-26.9,0.742,no
74,retired,married,unknown,no,yes,yes,cellular,wed,1,999,nonexistent,92.431,-26.9,0.742,no
74,retired,married,basic.9y,no,yes,no,cellular,thu,2,6,success,92.431,-26.9,0.74,no
28,services,married,basic.9y,no,yes,no,cellular,fri,1,2,success,92.431,-26.9,0.739,no
39,technician,married,university.degree,no,no,no,cellular,fri,1,6,success,92.431,-26.9,0.739,no
49,admin.,single,high.school,no,yes,no,cellular,fri,2,999,nonexistent,92.431,-26.9,0.739,no
32,admin.,married,university.degree,no,yes,no,cellular,wed,2,6,success,92.431,-26.9,0.735,no
29,blue-collar,single,basic.9y,no,no,yes,cellular,wed,2,999,nonexistent,92.431,-26.9,0.735,no
56,retired,married,professional.course,no,no,no,cellular,thu,1,3,success,92.431,-26.9,0.733,no
24,admin.,single,university.degree,no,yes,yes,telephone,thu,1,999,nonexistent,92.431,-26.9,0.733,no
24,student,single,unknown,no,yes,no,cellular,fri,1,999,nonexistent,92.431,-26.9,0.73,no
65,housemaid,married,basic.4y,no,unknown,unknown,cellular,tue,2,999,nonexistent,92.431,-26.9,0.728,no
68,retired,divorced,professional.course,no,yes,no,cellular,tue,2,999,nonexistent,92.431,-26.9,0.728,no
33,admin.,single,university.degree,no,no,no,cellular,thu,1,999,failure,92.431,-26.9,0.722,no
72,retired,married,basic.6y,no,yes,yes,cellular,thu,3,999,nonexistent,92.431,-26.9,0.722,no
69,retired,married,basic.4y,no,yes,yes,cellular,fri,3,999,nonexistent,92.431,-26.9,0.72,no
37,admin.,divorced,high.school,no,yes,yes,telephone,mon,5,999,nonexistent,92.649,-30.1,0.722,no
34,admin.,single,high.school,no,yes,no,cellular,mon,2,8,failure,92.649,-30.1,0.722,no
40,admin.,divorced,university.degree,no,no,no,cellular,tue,2,999,failure,92.649,-30.1,0.72,no
22,technician,single,professional.course,no,yes,no,cellular,tue,1,999,nonexistent,92.649,-30.1,0.72,no
26,technician,single,professional.course,no,no,yes,cellular,wed,1,9,failure,92.649,-30.1,0.719,no
73,retired,married,university.degree,no,no,yes,cellular,thu,7,999,nonexistent,92.649,-30.1,0.716,no
54,admin.,married,high.school,no,yes,no,cellular,fri,1,3,success,92.649,-30.1,0.716,no
53,management,divorced,university.degree,no,no,yes,cellular,fri,2,3,success,92.649,-30.1,0.716,no
24,unemployed,married,high.school,no,yes,no,cellular,mon,1,999,failure,92.649,-30.1,0.715,no
41,admin.,married,university.degree,no,no,no,telephone,tue,2,3,success,92.649,-30.1,0.715,no
33,admin.,married,university.degree,no,yes,no,cellular,tue,2,3,success,92.649,-30.1,0.715,no
41,admin.,married,university.degree,no,yes,no,cellular,tue,1,3,success,92.649,-30.1,0.715,no
79,retired,married,basic.4y,no,no,yes,cellular,tue,2,3,success,92.649,-30.1,0.715,no
37,services,married,high.school,no,no,no,cellular,wed,2,999,failure,92.649,-30.1,0.715,no
29,admin.,single,university.degree,no,no,yes,cellular,wed,1,3,success,92.649,-30.1,0.715,no
38,admin.,married,university.degree,no,no,no,telephone,thu,1,13,success,92.649,-30.1,0.714,no
43,management,married,high.school,no,no,no,cellular,thu,1,999,nonexistent,92.649,-30.1,0.714,no
32,self-employed,married,university.degree,no,yes,no,cellular,thu,1,6,failure,92.649,-30.1,0.714,no
18,student,single,high.school,no,no,no,cellular,fri,2,7,failure,92.649,-30.1,0.714,no
61,retired,married,basic.4y,no,yes,no,cellular,mon,1,9,failure,92.649,-30.1,0.714,no
30,blue-collar,single,high.school,no,unknown,unknown,cellular,mon,5,999,nonexistent,92.649,-30.1,0.714,no
24,student,single,unknown,no,yes,no,cellular,wed,2,3,success,92.649,-30.1,0.716,no
31,technician,single,university.degree,no,no,no,cellular,wed,1,999,nonexistent,92.649,-30.1,0.716,no
48,management,divorced,university.degree,no,yes,no,cellular,wed,1,3,success,92.649,-30.1,0.716,no
46,admin.,married,university.degree,no,unknown,unknown,cellular,fri,10,999,nonexistent,92.713,-33,0.718,no
36,admin.,single,high.school,no,unknown,unknown,cellular,mon,1,999,failure,92.713,-33,0.717,no
50,technician,married,high.school,no,no,no,cellular,mon,3,999,nonexistent,92.713,-33,0.717,no
65,management,married,unknown,no,yes,no,telephone,wed,3,999,failure,92.713,-33,0.715,no
55,admin.,married,professional.course,no,yes,no,cellular,thu,1,9,success,92.713,-33,0.714,no
64,housemaid,married,basic.4y,no,no,no,cellular,thu,1,999,nonexistent,92.713,-33,0.714,no
56,retired,married,basic.4y,no,no,no,cellular,thu,4,999,nonexistent,92.713,-33,0.714,no
70,retired,married,basic.4y,no,no,no,cellular,wed,2,999,nonexistent,92.713,-33,0.715,no
41,admin.,married,university.degree,no,yes,no,cellular,thu,1,999,nonexistent,92.713,-33,0.707,no
46,technician,married,professional.course,no,yes,no,telephone,mon,1,999,nonexistent,92.713,-33,0.706,no
27,technician,single,university.degree,no,yes,no,cellular,tue,3,6,success,92.713,-33,0.707,no
66,retired,married,professional.course,no,no,no,cellular,tue,1,999,failure,93.369,-34.8,0.655,no
53,technician,married,high.school,no,yes,no,cellular,tue,2,999,nonexistent,93.369,-34.8,0.655,no
33,admin.,married,university.degree,no,yes,no,cellular,wed,3,4,success,93.369,-34.8,0.655,no
38,blue-collar,single,high.school,no,yes,no,cellular,wed,1,13,failure,93.369,-34.8,0.655,no
37,admin.,single,high.school,no,no,no,cellular,wed,2,4,success,93.369,-34.8,0.655,no
34,admin.,married,professional.course,no,yes,no,cellular,thu,3,999,failure,93.369,-34.8,0.654,no
36,admin.,single,university.degree,no,no,no,cellular,mon,1,999,nonexistent,93.369,-34.8,0.652,no
34,admin.,single,university.degree,no,no,no,telephone,tue,1,3,success,93.369,-34.8,0.652,no
34,admin.,single,university.degree,no,no,yes,cellular,tue,1,999,nonexistent,93.369,-34.8,0.652,no
38,blue-collar,single,high.school,no,no,no,telephone,tue,3,6,success,93.369,-34.8,0.652,no
38,housemaid,single,high.school,no,yes,no,cellular,fri,1,10,success,93.369,-34.8,0.649,no
80,retired,married,basic.4y,no,no,no,cellular,fri,3,6,success,93.369,-34.8,0.649,no
30,management,married,university.degree,no,yes,no,cellular,mon,3,999,nonexistent,93.369,-34.8,0.646,no
52,technician,married,basic.9y,no,no,no,cellular,wed,3,999,nonexistent,93.369,-34.8,0.644,no
28,admin.,single,university.degree,no,no,no,cellular,thu,1,999,nonexistent,93.369,-34.8,0.643,no
29,technician,single,professional.course,no,yes,yes,cellular,thu,2,13,success,93.369,-34.8,0.643,no
78,retired,married,unknown,no,no,no,cellular,thu,1,6,success,93.369,-34.8,0.635,no
66,housemaid,divorced,basic.4y,no,yes,no,cellular,thu,1,3,success,93.369,-34.8,0.635,no
58,services,married,high.school,no,no,no,cellular,mon,2,3,success,93.369,-34.8,0.635,no
68,retired,divorced,basic.4y,no,yes,no,cellular,tue,2,11,success,93.369,-34.8,0.635,no
56,admin.,single,university.degree,no,yes,no,cellular,wed,1,999,failure,93.369,-34.8,0.634,no
41,admin.,divorced,high.school,no,no,no,telephone,thu,2,999,nonexistent,93.749,-34.6,0.635,no
82,housemaid,divorced,basic.4y,no,unknown,unknown,cellular,tue,6,999,nonexistent,93.749,-34.6,0.638,no
37,technician,married,professional.course,no,yes,no,telephone,mon,1,999,nonexistent,93.749,-34.6,0.642,no
36,admin.,single,basic.9y,no,yes,yes,telephone,wed,1,999,nonexistent,93.749,-34.6,0.644,no
48,admin.,married,university.degree,no,yes,no,cellular,thu,1,999,nonexistent,93.749,-34.6,0.644,no
35,admin.,married,university.degree,no,yes,no,cellular,thu,1,10,success,93.749,-34.6,0.644,no
50,technician,single,university.degree,no,yes,no,telephone,fri,1,999,nonexistent,93.749,-34.6,0.644,no
82,retired,divorced,basic.4y,no,no,no,cellular,mon,1,6,success,93.749,-34.6,0.643,no
85,housemaid,married,basic.4y,unknown,no,no,cellular,tue,6,6,success,93.749,-34.6,0.642,no
85,housemaid,married,basic.4y,unknown,yes,no,cellular,tue,1,999,failure,93.749,-34.6,0.642,no
45,management,married,unknown,no,yes,no,cellular,tue,3,7,success,93.749,-34.6,0.642,no
61,retired,married,high.school,no,yes,no,cellular,tue,4,999,nonexistent,93.749,-34.6,0.642,no
80,retired,divorced,basic.4y,no,yes,no,telephone,wed,1,999,nonexistent,93.749,-34.6,0.642,no
53,housemaid,married,university.degree,no,yes,no,cellular,thu,1,6,success,93.749,-34.6,0.644,no
47,admin.,married,high.school,no,yes,no,cellular,fri,1,999,failure,93.749,-34.6,0.645,no
46,admin.,married,high.school,no,no,no,cellular,mon,3,999,nonexistent,93.749,-34.6,0.645,no
31,student,single,university.degree,no,yes,yes,cellular,fri,1,6,success,93.749,-34.6,0.663,no
24,student,single,high.school,no,yes,no,cellular,tue,2,6,success,93.876,-40,0.668,no
30,student,single,high.school,no,no,no,cellular,fri,2,3,success,93.876,-40,0.682,no
92,retired,married,unknown,no,yes,no,cellular,thu,1,6,success,93.876,-40,0.683,no
41,unemployed,married,basic.9y,no,yes,no,cellular,thu,1,6,success,93.876,-40,0.683,no
60,management,married,unknown,no,yes,no,cellular,thu,3,3,success,93.876,-40,0.683,no
29,admin.,married,university.degree,no,yes,yes,cellular,fri,3,13,failure,93.876,-40,0.684,no
65,admin.,married,university.degree,no,yes,no,cellular,fri,3,999,failure,93.876,-40,0.684,no
29,student,single,university.degree,no,yes,no,cellular,mon,1,999,failure,93.876,-40,0.685,no
63,retired,married,professional.course,no,yes,yes,cellular,mon,2,14,success,93.876,-40,0.685,no
31,admin.,married,professional.course,no,yes,yes,cellular,thu,2,999,nonexistent,93.876,-40,0.692,no
36,admin.,married,university.degree,no,yes,no,cellular,tue,1,999,nonexistent,93.876,-40,0.697,no
64,housemaid,married,unknown,no,yes,no,telephone,wed,3,999,nonexistent,93.876,-40,0.697,no
37,student,divorced,university.degree,no,yes,no,cellular,thu,1,999,failure,93.876,-40,0.699,no
43,technician,married,professional.course,no,no,no,cellular,thu,1,999,failure,93.876,-40,0.699,no
38,blue-collar,married,basic.6y,no,yes,no,cellular,fri,1,999,failure,94.055,-39.8,0.707,no
36,management,divorced,university.degree,no,yes,no,cellular,mon,1,3,success,94.055,-39.8,0.72,no
21,student,single,high.school,no,yes,no,cellular,mon,1,999,nonexistent,94.055,-39.8,0.72,no
35,admin.,single,university.degree,no,yes,no,cellular,mon,1,14,success,94.055,-39.8,0.72,no
22,student,single,high.school,no,no,yes,cellular,mon,1,12,failure,94.055,-39.8,0.72,no
28,services,single,university.degree,no,no,no,telephone,mon,1,999,nonexistent,94.055,-39.8,0.72,no
28,management,single,university.degree,no,yes,no,cellular,thu,1,999,nonexistent,94.055,-39.8,0.729,no
65,unknown,married,unknown,no,yes,no,cellular,thu,2,4,success,94.055,-39.8,0.729,no
36,admin.,single,university.degree,no,no,no,cellular,wed,1,7,success,94.055,-39.8,0.739,no
36,blue-collar,single,high.school,no,no,no,cellular,wed,1,6,success,94.055,-39.8,0.739,no
37,admin.,married,high.school,no,no,no,cellular,wed,3,999,nonexistent,94.055,-39.8,0.739,no
34,admin.,single,university.degree,no,yes,no,cellular,mon,1,999,nonexistent,94.055,-39.8,0.754,no
32,blue-collar,single,high.school,no,no,no,cellular,mon,1,2,success,94.055,-39.8,0.754,no
37,self-employed,married,university.degree,no,no,no,telephone,mon,1,999,nonexistent,94.055,-39.8,0.754,no
62,blue-collar,married,high.school,no,yes,no,cellular,mon,4,4,success,94.055,-39.8,0.754,no
76,retired,married,professional.course,unknown,yes,no,cellular,tue,1,3,success,94.055,-39.8,0.761,no
25,student,single,high.school,no,yes,yes,cellular,tue,2,6,success,94.055,-39.8,0.761,no
34,unemployed,single,university.degree,no,yes,no,cellular,tue,2,999,nonexistent,94.055,-39.8,0.761,no
27,unknown,single,university.degree,no,yes,no,cellular,wed,4,3,success,94.055,-39.8,0.767,no
27,unknown,single,university.degree,no,yes,no,cellular,wed,3,999,nonexistent,94.055,-39.8,0.767,no
48,admin.,single,university.degree,no,yes,no,cellular,fri,2,3,success,94.215,-40.3,0.79,no
75,retired,married,university.degree,no,yes,no,cellular,thu,1,999,failure,94.215,-40.3,0.81,no
79,retired,married,basic.4y,no,no,yes,cellular,fri,1,999,failure,94.215,-40.3,0.822,no
39,admin.,divorced,university.degree,no,no,yes,cellular,mon,3,999,nonexistent,94.215,-40.3,0.827,no
35,technician,single,professional.course,no,no,no,cellular,mon,4,999,nonexistent,94.215,-40.3,0.827,no
59,retired,divorced,basic.4y,no,yes,yes,cellular,mon,1,6,success,94.215,-40.3,0.827,no
32,services,single,unknown,no,no,yes,cellular,thu,2,999,nonexistent,94.215,-40.3,0.846,no
54,retired,single,basic.4y,no,yes,no,cellular,thu,4,999,nonexistent,94.215,-40.3,0.846,no
22,admin.,single,university.degree,no,yes,no,telephone,mon,1,999,failure,94.215,-40.3,0.87,no
56,technician,married,professional.course,no,yes,no,cellular,mon,2,13,success,94.215,-40.3,0.87,no
78,retired,married,basic.4y,no,no,no,cellular,mon,1,999,nonexistent,94.215,-40.3,0.87,no
59,management,married,basic.4y,no,yes,no,cellular,fri,3,999,nonexistent,94.215,-40.3,0.885,no
42,unknown,single,university.degree,no,no,no,cellular,fri,6,999,nonexistent,94.215,-40.3,0.885,no
42,unknown,single,university.degree,no,yes,no,cellular,fri,1,999,failure,94.215,-40.3,0.885,no
51,technician,married,high.school,no,no,no,cellular,mon,1,6,success,94.215,-40.3,0.889,no
65,management,married,university.degree,no,yes,no,cellular,mon,1,999,failure,94.215,-40.3,0.889,no
68,retired,married,university.degree,no,no,no,cellular,mon,2,12,success,94.215,-40.3,0.889,no
23,student,single,unknown,no,no,no,cellular,tue,1,999,failure,94.215,-40.3,0.893,no
48,housemaid,married,professional.course,no,no,no,cellular,wed,3,6,success,94.215,-40.3,0.896,no
80,retired,divorced,basic.4y,no,no,yes,cellular,thu,2,6,success,94.215,-40.3,0.899,no
48,blue-collar,married,professional.course,no,no,no,telephone,thu,1,999,nonexistent,94.215,-40.3,0.899,no
53,services,married,basic.9y,no,yes,no,telephone,mon,2,999,failure,94.027,-38.3,0.898,no
37,management,married,high.school,no,yes,no,cellular,thu,1,999,nonexistent,94.027,-38.3,0.904,no
58,technician,married,basic.9y,no,yes,no,cellular,mon,1,999,nonexistent,94.027,-38.3,0.904,no
92,retired,married,unknown,no,no,yes,cellular,tue,1,3,success,94.027,-38.3,0.904,no
50,admin.,single,university.degree,no,no,no,cellular,tue,1,6,success,94.027,-38.3,0.904,no
52,management,married,university.degree,no,yes,no,cellular,thu,3,1,success,94.027,-38.3,0.899,no
49,management,divorced,university.degree,no,yes,no,telephone,mon,1,999,nonexistent,94.027,-38.3,0.888,no
76,retired,divorced,basic.4y,no,no,no,cellular,tue,1,999,failure,94.027,-38.3,0.886,no
81,retired,divorced,basic.4y,no,no,no,cellular,wed,2,7,success,94.199,-37.5,0.886,no
47,management,married,university.degree,no,no,no,cellular,thu,1,17,success,94.199,-37.5,0.884,no
60,retired,married,university.degree,no,no,no,cellular,thu,2,999,nonexistent,94.199,-37.5,0.884,no
51,technician,married,professional.course,no,yes,no,cellular,mon,2,999,failure,94.199,-37.5,0.882,no
31,student,single,unknown,no,unknown,unknown,cellular,wed,2,6,success,94.199,-37.5,0.88,no
19,student,single,basic.6y,no,yes,no,cellular,thu,2,6,success,94.199,-37.5,0.879,no
23,student,single,basic.9y,no,yes,no,cellular,thu,1,999,nonexistent,94.199,-37.5,0.879,no
26,technician,single,university.degree,no,no,no,cellular,fri,1,999,nonexistent,94.199,-37.5,0.879,no
33,admin.,married,university.degree,no,no,no,cellular,wed,2,999,nonexistent,94.199,-37.5,0.879,no
36,admin.,divorced,university.degree,no,yes,yes,cellular,fri,3,999,nonexistent,94.199,-37.5,0.879,no
33,unemployed,single,unknown,no,yes,no,cellular,fri,2,999,failure,94.199,-37.5,0.879,no
48,services,married,basic.6y,no,no,no,cellular,mon,2,999,nonexistent,94.199,-37.5,0.879,no
42,admin.,divorced,university.degree,no,yes,no,cellular,wed,1,999,failure,94.199,-37.5,0.886,no
47,admin.,married,high.school,no,yes,no,cellular,fri,1,999,failure,94.601,-49.5,0.972,no
31,blue-collar,single,basic.9y,no,no,no,telephone,tue,1,999,nonexistent,94.601,-49.5,0.982,no
20,student,single,unknown,no,yes,yes,cellular,tue,1,3,success,94.601,-49.5,0.982,no
49,admin.,married,high.school,unknown,no,no,cellular,wed,1,6,success,94.601,-49.5,0.985,no
65,retired,married,basic.4y,no,yes,yes,cellular,wed,1,3,success,94.601,-49.5,0.985,no
54,admin.,married,high.school,no,no,no,cellular,wed,2,6,success,94.601,-49.5,0.985,no
54,self-employed,married,university.degree,no,yes,no,cellular,thu,4,999,failure,94.601,-49.5,0.987,no
68,retired,divorced,high.school,no,yes,yes,cellular,mon,1,3,success,94.601,-49.5,1,no
44,admin.,married,university.degree,no,yes,no,cellular,mon,1,999,nonexistent,94.601,-49.5,1,no
31,admin.,single,university.degree,no,unknown,unknown,cellular,tue,1,3,success,94.601,-49.5,1.008,no
54,services,divorced,high.school,no,yes,no,cellular,wed,3,999,failure,94.601,-49.5,1.016,no
28,admin.,single,university.degree,no,no,no,cellular,mon,1,3,success,94.601,-49.5,1.032,no
33,admin.,single,university.degree,no,yes,no,cellular,mon,5,999,nonexistent,94.601,-49.5,1.032,no
34,admin.,married,university.degree,no,no,no,cellular,wed,1,3,success,94.767,-50.8,1.048,no
63,retired,married,basic.4y,no,yes,no,cellular,fri,1,3,success,94.767,-50.8,1.049,no
60,admin.,married,unknown,no,no,no,cellular,tue,1,7,success,94.767,-50.8,1.046,no
29,technician,single,professional.course,no,no,no,cellular,tue,2,1,success,94.767,-50.8,1.046,no
37,technician,single,professional.course,no,yes,no,cellular,wed,1,6,success,94.767,-50.8,1.044,no
35,admin.,single,professional.course,no,yes,no,cellular,fri,3,999,nonexistent,94.767,-50.8,1.04,no
73,retired,married,professional.course,no,yes,no,cellular,fri,1,999,nonexistent,94.767,-50.8,1.028,no
