age,job,marital,education,default,housing,loan,contact,day_of_week,campaign,pdays,poutcome,cons_price_idx,cons_conf_idx,prime_rate
42,blue-collar,married,basic.9y,unknown,no,no,telephone,mon,1,999,nonexistent,93.994,-36.4,4.857
41,management,married,basic.6y,no,no,no,telephone,mon,2,999,nonexistent,93.994,-36.4,4.857
34,technician,married,high.school,no,no,no,telephone,mon,1,999,nonexistent,93.994,-36.4,4.857
54,retired,married,high.school,unknown,no,no,telephone,mon,1,999,nonexistent,93.994,-36.4,4.857
48,blue-collar,married,basic.4y,no,yes,no,telephone,mon,1,999,nonexistent,93.994,-36.4,4.857
48,blue-collar,married,basic.6y,unknown,no,no,telephone,mon,3,999,nonexistent,93.994,-36.4,4.857
36,services,married,high.school,no,no,yes,telephone,tue,2,999,nonexistent,93.994,-36.4,4.857
54,management,married,basic.6y,unknown,yes,yes,telephone,tue,1,999,nonexistent,93.994,-36.4,4.857
44,admin.,married,high.school,no,no,no,telephone,tue,2,999,nonexistent,93.994,-36.4,4.857
41,management,married,university.degree,unknown,no,no,telephone,tue,2,999,nonexistent,93.994,-36.4,4.857
39,blue-collar,divorced,basic.9y,no,no,no,telephone,wed,1,999,nonexistent,93.994,-36.4,4.856
32,entrepreneur,married,basic.6y,no,yes,no,telephone,wed,1,999,nonexistent,93.994,-36.4,4.856
38,blue-collar,divorced,unknown,no,no,no,telephone,wed,3,999,nonexistent,93.994,-36.4,4.856
50,technician,married,high.school,no,yes,no,telephone,thu,1,999,nonexistent,93.994,-36.4,4.855
20,entrepreneur,single,high.school,no,no,no,telephone,thu,1,999,nonexistent,93.994,-36.4,4.855
35,blue-collar,married,basic.6y,no,no,no,telephone,thu,1,999,nonexistent,93.994,-36.4,4.855
51,blue-collar,divorced,basic.9y,no,no,no,telephone,thu,2,999,nonexistent,93.994,-36.4,4.855
45,blue-collar,single,basic.9y,no,no,no,telephone,thu,3,999,nonexistent,93.994,-36.4,4.855
40,admin.,married,high.school,unknown,yes,no,telephone,thu,4,999,nonexistent,93.994,-36.4,4.855
35,blue-collar,married,professional.course,no,yes,yes,telephone,fri,1,999,nonexistent,93.994,-36.4,4.855
31,technician,married,professional.course,no,no,no,telephone,fri,2,999,nonexistent,93.994,-36.4,4.855
33,admin.,divorced,university.degree,no,no,yes,telephone,fri,1,999,nonexistent,93.994,-36.4,4.855
42,blue-collar,married,basic.9y,unknown,no,no,telephone,fri,2,999,nonexistent,93.994,-36.4,4.855
57,entrepreneur,married,high.school,unknown,yes,no,telephone,fri,2,999,nonexistent,93.994,-36.4,4.855
35,self-employed,married,professional.course,no,no,no,telephone,fri,2,999,nonexistent,93.994,-36.4,4.855
47,technician,divorced,university.degree,no,no,no,telephone,mon,3,999,nonexistent,93.994,-36.4,4.857
44,services,married,basic.4y,unknown,yes,no,telephone,mon,4,999,nonexistent,93.994,-36.4,4.857
29,blue-collar,married,basic.9y,no,no,no,telephone,mon,5,999,nonexistent,93.994,-36.4,4.857
33,blue-collar,married,basic.9y,no,no,no,telephone,mon,2,999,nonexistent,93.994,-36.4,4.857
38,blue-collar,single,university.degree,unknown,yes,no,telephone,tue,2,999,nonexistent,93.994,-36.4,4.856
32,admin.,divorced,high.school,no,no,no,telephone,tue,1,999,nonexistent,93.994,-36.4,4.856
46,blue-collar,married,basic.6y,unknown,yes,no,telephone,tue,1,999,nonexistent,93.994,-36.4,4.856
41,technician,married,high.school,no,yes,no,telephone,wed,1,999,nonexistent,93.994,-36.4,4.859
38,technician,single,professional.course,unknown,unknown,unknown,telephone,wed,2,999,nonexistent,93.994,-36.4,4.859
33,unemployed,divorced,basic.9y,no,no,no,telephone,wed,2,999,nonexistent,93.994,-36.4,4.859
33,entrepreneur,married,high.school,no,no,no,telephone,wed,1,999,nonexistent,93.994,-36.4,4.859
33,blue-collar,married,basic.9y,no,yes,no,telephone,wed,2,999,nonexistent,93.994,-36.4,4.859
34,technician,married,professional.course,unknown,no,yes,telephone,wed,4,999,nonexistent,93.994,-36.4,4.859
42,blue-collar,married,basic.4y,unknown,no,yes,telephone,wed,3,999,nonexistent,93.994,-36.4,4.859
39,blue-collar,married,basic.6y,unknown,no,no,telephone,thu,1,999,nonexistent,93.994,-36.4,4.86
33,technician,married,professional.course,no,no,no,telephone,thu,4,999,nonexistent,93.994,-36.4,4.86
35,technician,married,unknown,unknown,no,no,telephone,thu,2,999,nonexistent,93.994,-36.4,4.86
44,technician,married,professional.course,unknown,no,no,telephone,thu,5,999,nonexistent,93.994,-36.4,4.86
44,services,married,high.school,unknown,yes,no,telephone,thu,2,999,nonexistent,93.994,-36.4,4.86
32,services,married,high.school,no,no,yes,telephone,fri,4,999,nonexistent,93.994,-36.4,4.859
35,admin.,single,high.school,no,no,yes,telephone,fri,1,999,nonexistent,93.994,-36.4,4.859
44,management,single,university.degree,unknown,yes,no,telephone,fri,1,999,nonexistent,93.994,-36.4,4.859
44,blue-collar,divorced,basic.4y,unknown,yes,no,telephone,fri,4,999,nonexistent,93.994,-36.4,4.859
52,management,married,professional.course,no,no,no,telephone,fri,1,999,nonexistent,93.994,-36.4,4.859
41,management,married,university.degree,no,no,no,telephone,fri,4,999,nonexistent,93.994,-36.4,4.859
38,blue-collar,single,university.degree,unknown,no,no,telephone,fri,1,999,nonexistent,93.994,-36.4,4.859
51,services,married,basic.6y,no,no,no,telephone,fri,1,999,nonexistent,93.994,-36.4,4.859
42,retired,married,basic.9y,unknown,no,no,telephone,fri,1,999,nonexistent,93.994,-36.4,4.859
39,admin.,single,high.school,unknown,yes,no,telephone,fri,16,999,nonexistent,93.994,-36.4,4.859
36,technician,married,basic.9y,no,no,no,telephone,fri,3,999,nonexistent,93.994,-36.4,4.859
44,management,married,high.school,no,yes,no,telephone,fri,3,999,nonexistent,93.994,-36.4,4.859
47,technician,married,professional.course,no,unknown,unknown,telephone,mon,1,999,nonexistent,93.994,-36.4,4.858
41,management,married,university.degree,no,no,no,telephone,mon,2,999,nonexistent,93.994,-36.4,4.858
48,blue-collar,married,basic.9y,no,no,no,telephone,mon,1,999,nonexistent,93.994,-36.4,4.858
34,blue-collar,married,basic.6y,no,yes,no,telephone,mon,2,999,nonexistent,93.994,-36.4,4.858
32,management,single,basic.4y,no,no,no,telephone,mon,7,999,nonexistent,93.994,-36.4,4.858
30,technician,single,professional.course,no,yes,no,telephone,mon,3,999,nonexistent,93.994,-36.4,4.858
29,blue-collar,single,professional.course,no,yes,no,telephone,mon,7,999,nonexistent,93.994,-36.4,4.858
45,technician,single,professional.course,no,yes,yes,telephone,tue,1,999,nonexistent,93.994,-36.4,4.856
47,blue-collar,married,unknown,unknown,no,no,telephone,tue,1,999,nonexistent,93.994,-36.4,4.856
53,blue-collar,married,basic.4y,unknown,no,no,telephone,tue,2,999,nonexistent,93.994,-36.4,4.856
35,services,single,basic.4y,no,yes,no,telephone,tue,1,999,nonexistent,93.994,-36.4,4.856
50,services,married,high.school,no,no,no,telephone,tue,2,999,nonexistent,93.994,-36.4,4.856
39,blue-collar,single,basic.9y,no,no,no,telephone,tue,3,999,nonexistent,93.994,-36.4,4.856
32,admin.,married,university.degree,no,no,yes,telephone,tue,3,999,nonexistent,93.994,-36.4,4.856
32,blue-collar,married,basic.9y,no,yes,no,telephone,tue,3,999,nonexistent,93.994,-36.4,4.856
57,self-employed,married,unknown,unknown,no,yes,telephone,tue,2,999,nonexistent,93.994,-36.4,4.856
36,services,married,high.school,no,no,no,telephone,tue,2,999,nonexistent,93.994,-36.4,4.856
39,blue-collar,married,basic.9y,no,no,no,telephone,wed,3,999,nonexistent,93.994,-36.4,4.858
30,entrepreneur,married,professional.course,no,no,no,telephone,wed,1,999,nonexistent,93.994,-36.4,4.858
57,services,divorced,high.school,no,yes,yes,telephone,wed,3,999,nonexistent,93.994,-36.4,4.858
46,housemaid,married,basic.4y,no,no,no,telephone,wed,2,999,nonexistent,93.994,-36.4,4.858
25,blue-collar,married,basic.9y,unknown,yes,no,telephone,wed,1,999,nonexistent,93.994,-36.4,4.858
57,services,divorced,high.school,no,yes,no,telephone,wed,3,999,nonexistent,93.994,-36.4,4.858
41,blue-collar,divorced,basic.6y,no,yes,no,telephone,fri,1,999,nonexistent,93.994,-36.4,4.857
49,technician,married,professional.course,no,no,no,telephone,fri,2,999,nonexistent,93.994,-36.4,4.857
48,blue-collar,divorced,basic.9y,no,yes,yes,telephone,fri,3,999,nonexistent,93.994,-36.4,4.857
43,entrepreneur,married,basic.9y,unknown,yes,no,telephone,fri,2,999,nonexistent,93.994,-36.4,4.857
40,blue-collar,married,basic.9y,no,yes,no,telephone,fri,1,999,nonexistent,93.994,-36.4,4.857
43,management,married,high.school,no,no,no,telephone,fri,3,999,nonexistent,93.994,-36.4,4.857
37,technician,married,university.degree,unknown,no,no,telephone,fri,5,999,nonexistent,93.994,-36.4,4.857
49,technician,married,professional.course,no,no,no,telephone,fri,6,999,nonexistent,93.994,-36.4,4.857
47,entrepreneur,married,high.school,no,no,no,telephone,mon,1,999,nonexistent,93.994,-36.4,4.857
44,services,married,high.school,no,yes,yes,telephone,mon,1,999,nonexistent,93.994,-36.4,4.857
56,blue-collar,married,professional.course,no,yes,no,telephone,mon,4,999,nonexistent,93.994,-36.4,4.857
54,retired,married,basic.9y,no,no,yes,telephone,mon,1,999,nonexistent,93.994,-36.4,4.857
25,blue-collar,married,high.school,unknown,yes,yes,telephone,mon,6,999,nonexistent,93.994,-36.4,4.857
35,blue-collar,married,high.school,no,yes,yes,telephone,mon,1,999,nonexistent,93.994,-36.4,4.857
27,admin.,single,university.degree,no,yes,no,telephone,tue,1,999,nonexistent,93.994,-36.4,4.857
60,unknown,married,university.degree,no,no,no,telephone,tue,1,999,nonexistent,93.994,-36.4,4.857
57,management,divorced,university.degree,no,no,no,telephone,tue,1,999,nonexistent,93.994,-36.4,4.857
25,admin.,married,unknown,no,no,no,telephone,tue,1,999,nonexistent,93.994,-36.4,4.857
30,self-employed,married,basic.9y,no,no,no,telephone,tue,2,999,nonexistent,93.994,-36.4,4.857
42,housemaid,single,basic.4y,unknown,yes,no,telephone,tue,7,999,nonexistent,93.994,-36.4,4.857
54,retired,married,basic.4y,unknown,no,no,telephone,tue,2,999,nonexistent,93.994,-36.4,4.857
36,blue-collar,married,basic.4y,unknown,yes,no,telephone,wed,21,999,nonexistent,93.994,-36.4,4.857
41,services,divorced,basic.9y,no,yes,no,telephone,wed,3,999,nonexistent,93.994,-36.4,4.857
50,services,married,basic.4y,unknown,yes,no,telephone,wed,1,999,nonexistent,93.994,-36.4,4.857
31,blue-collar,married,basic.9y,no,no,no,telephone,wed,4,999,nonexistent,93.994,-36.4,4.857
41,management,married,basic.6y,no,yes,no,telephone,wed,1,999,nonexistent,93.994,-36.4,4.857
53,technician,married,professional.course,unknown,no,no,telephone,wed,2,999,nonexistent,93.994,-36.4,4.857
34,admin.,single,high.school,no,no,no,telephone,wed,3,999,nonexistent,93.994,-36.4,4.857
39,admin.,married,university.degree,no,yes,no,telephone,thu,1,999,nonexistent,93.994,-36.4,4.86
34,self-employed,married,professional.course,no,no,no,telephone,thu,1,999,nonexistent,93.994,-36.4,4.86
30,blue-collar,single,basic.4y,unknown,yes,yes,telephone,thu,4,999,nonexistent,93.994,-36.4,4.86
25,admin.,married,university.degree,no,no,no,telephone,fri,1,999,nonexistent,93.994,-36.4,4.864
33,services,single,high.school,no,yes,no,telephone,fri,1,999,nonexistent,93.994,-36.4,4.864
43,blue-collar,married,basic.9y,unknown,no,no,telephone,fri,2,999,nonexistent,93.994,-36.4,4.864
29,technician,married,professional.course,no,no,no,telephone,fri,3,999,nonexistent,93.994,-36.4,4.864
57,services,divorced,high.school,no,yes,no,telephone,fri,2,999,nonexistent,93.994,-36.4,4.864
32,admin.,single,high.school,no,yes,no,telephone,fri,4,999,nonexistent,93.994,-36.4,4.864
38,technician,single,university.degree,no,no,no,telephone,mon,1,999,nonexistent,94.465,-41.8,4.865
34,services,single,professional.course,unknown,yes,no,telephone,mon,1,999,nonexistent,94.465,-41.8,4.865
58,admin.,divorced,university.degree,no,yes,no,telephone,mon,7,999,nonexistent,94.465,-41.8,4.865
27,blue-collar,married,basic.6y,unknown,yes,no,telephone,mon,1,999,nonexistent,94.465,-41.8,4.865
54,blue-collar,married,high.school,no,no,no,telephone,mon,1,999,nonexistent,94.465,-41.8,4.865
36,admin.,married,university.degree,no,yes,no,telephone,mon,2,999,nonexistent,94.465,-41.8,4.865
35,student,single,university.degree,unknown,yes,yes,telephone,mon,2,999,nonexistent,94.465,-41.8,4.865
59,retired,divorced,university.degree,no,no,no,telephone,mon,6,999,nonexistent,94.465,-41.8,4.865
58,technician,married,professional.course,no,yes,yes,telephone,tue,1,999,nonexistent,94.465,-41.8,4.864
43,blue-collar,married,basic.9y,no,no,yes,telephone,tue,1,999,nonexistent,94.465,-41.8,4.864
41,blue-collar,married,basic.6y,no,yes,no,telephone,tue,2,999,nonexistent,94.465,-41.8,4.864
43,admin.,divorced,high.school,no,no,no,telephone,tue,1,999,nonexistent,94.465,-41.8,4.864
24,admin.,single,high.school,no,no,no,telephone,tue,1,999,nonexistent,94.465,-41.8,4.864
57,admin.,divorced,unknown,unknown,no,no,telephone,tue,1,999,nonexistent,94.465,-41.8,4.864
41,management,married,university.degree,no,no,no,telephone,tue,6,999,nonexistent,94.465,-41.8,4.864
36,admin.,married,university.degree,no,yes,no,telephone,tue,11,999,nonexistent,94.465,-41.8,4.864
36,entrepreneur,married,basic.6y,unknown,no,no,telephone,wed,5,999,nonexistent,94.465,-41.8,4.864
29,admin.,married,high.school,no,yes,no,telephone,wed,2,999,nonexistent,94.465,-41.8,4.864
31,blue-collar,single,basic.9y,no,no,no,telephone,wed,2,999,nonexistent,94.465,-41.8,4.864
25,unknown,single,university.degree,no,no,no,telephone,wed,2,999,nonexistent,94.465,-41.8,4.864
32,admin.,single,high.school,no,yes,no,telephone,wed,2,999,nonexistent,94.465,-41.8,4.864
26,admin.,married,high.school,no,no,no,telephone,wed,2,999,nonexistent,94.465,-41.8,4.864
56,admin.,single,basic.9y,no,yes,no,telephone,wed,2,999,nonexistent,94.465,-41.8,4.864
30,blue-collar,married,basic.9y,no,yes,no,telephone,thu,1,999,nonexistent,94.465,-41.8,4.866
28,technician,single,professional.course,no,no,no,telephone,thu,2,999,nonexistent,94.465,-41.8,4.866
31,blue-collar,single,basic.4y,no,no,no,telephone,thu,3,999,nonexistent,94.465,-41.8,4.866
50,blue-collar,married,basic.4y,no,unknown,unknown,telephone,thu,2,999,nonexistent,94.465,-41.8,4.866
31,technician,single,university.degree,unknown,yes,no,telephone,thu,2,999,nonexistent,94.465,-41.8,4.866
29,services,single,high.school,no,yes,no,telephone,thu,3,999,nonexistent,94.465,-41.8,4.866
39,services,married,high.school,no,yes,no,telephone,fri,1,999,nonexistent,94.465,-41.8,4.967
30,blue-collar,married,basic.9y,no,unknown,unknown,telephone,fri,1,999,nonexistent,94.465,-41.8,4.967
31,blue-collar,single,high.school,no,no,no,telephone,fri,2,999,nonexistent,94.465,-41.8,4.967
32,blue-collar,married,basic.6y,no,no,no,telephone,fri,2,999,nonexistent,94.465,-41.8,4.967
30,blue-collar,married,basic.9y,no,yes,no,telephone,fri,1,999,nonexistent,94.465,-41.8,4.967
33,blue-collar,married,basic.6y,unknown,unknown,unknown,telephone,fri,1,999,nonexistent,94.465,-41.8,4.967
55,admin.,married,basic.4y,unknown,no,no,telephone,fri,9,999,nonexistent,94.465,-41.8,4.967
40,services,divorced,high.school,no,yes,no,telephone,fri,3,999,nonexistent,94.465,-41.8,4.967
34,admin.,married,basic.9y,no,yes,no,telephone,mon,3,999,nonexistent,94.465,-41.8,4.961
35,technician,married,professional.course,no,yes,yes,telephone,mon,4,999,nonexistent,94.465,-41.8,4.961
33,management,married,high.school,no,no,yes,telephone,mon,1,999,nonexistent,94.465,-41.8,4.961
27,entrepreneur,single,university.degree,no,yes,no,telephone,mon,3,999,nonexistent,94.465,-41.8,4.961
32,services,married,high.school,unknown,no,no,telephone,mon,3,999,nonexistent,94.465,-41.8,4.961
48,services,married,basic.6y,unknown,no,yes,telephone,mon,5,999,nonexistent,94.465,-41.8,4.961
29,admin.,married,professional.course,no,yes,no,telephone,wed,4,999,nonexistent,94.465,-41.8,4.959
30,self-employed,single,university.degree,no,no,no,telephone,wed,1,999,nonexistent,94.465,-41.8,4.959
32,admin.,single,high.school,no,yes,no,telephone,wed,1,999,nonexistent,94.465,-41.8,4.959
35,services,married,high.school,unknown,yes,no,telephone,thu,1,999,nonexistent,94.465,-41.8,4.958
59,blue-collar,married,basic.4y,unknown,yes,no,telephone,mon,1,999,nonexistent,94.465,-41.8,4.96
53,blue-collar,divorced,basic.4y,unknown,no,no,telephone,mon,1,999,nonexistent,94.465,-41.8,4.96
35,admin.,divorced,university.degree,no,no,no,telephone,mon,3,999,nonexistent,94.465,-41.8,4.96
34,admin.,married,university.degree,no,yes,no,telephone,mon,14,999,nonexistent,94.465,-41.8,4.96
54,technician,married,high.school,no,no,no,telephone,mon,5,999,nonexistent,94.465,-41.8,4.96
34,admin.,married,university.degree,no,yes,yes,telephone,tue,1,999,nonexistent,94.465,-41.8,4.961
33,services,married,high.school,unknown,yes,no,telephone,tue,3,999,nonexistent,94.465,-41.8,4.961
43,technician,married,professional.course,no,yes,no,telephone,tue,2,999,nonexistent,94.465,-41.8,4.961
36,blue-collar,married,university.degree,unknown,no,no,telephone,tue,2,999,nonexistent,94.465,-41.8,4.961
35,admin.,divorced,basic.9y,unknown,yes,no,telephone,wed,10,999,nonexistent,94.465,-41.8,4.962
28,admin.,single,university.degree,no,no,no,telephone,wed,3,999,nonexistent,94.465,-41.8,4.962
41,services,married,high.school,no,unknown,unknown,telephone,wed,1,999,nonexistent,94.465,-41.8,4.962
47,admin.,married,basic.9y,no,yes,no,telephone,wed,3,999,nonexistent,94.465,-41.8,4.962
35,admin.,divorced,university.degree,no,yes,no,telephone,wed,2,999,nonexistent,94.465,-41.8,4.962
32,self-employed,single,high.school,no,no,no,telephone,thu,1,999,nonexistent,94.465,-41.8,4.961
43,admin.,married,university.degree,no,no,no,telephone,thu,2,999,nonexistent,94.465,-41.8,4.961
28,blue-collar,married,basic.9y,no,no,no,telephone,thu,1,999,nonexistent,94.465,-41.8,4.961
55,retired,married,university.degree,unknown,yes,no,telephone,thu,1,999,nonexistent,94.465,-41.8,4.961
43,blue-collar,married,basic.9y,unknown,no,no,telephone,fri,23,999,nonexistent,94.465,-41.8,4.959
49,blue-collar,married,basic.4y,unknown,unknown,unknown,telephone,fri,1,999,nonexistent,94.465,-41.8,4.959
42,blue-collar,married,basic.6y,unknown,no,no,telephone,fri,2,999,nonexistent,94.465,-41.8,4.959
45,management,married,basic.9y,no,yes,no,telephone,fri,4,999,nonexistent,94.465,-41.8,4.959
36,self-employed,single,university.degree,no,no,no,telephone,fri,3,999,nonexistent,94.465,-41.8,4.959
37,blue-collar,married,basic.4y,unknown,no,no,telephone,fri,1,999,nonexistent,94.465,-41.8,4.959
54,blue-collar,divorced,basic.4y,unknown,no,no,telephone,fri,2,999,nonexistent,94.465,-41.8,4.959
29,technician,married,professional.course,no,yes,no,telephone,fri,1,999,nonexistent,94.465,-41.8,4.959
43,admin.,married,high.school,no,no,no,telephone,fri,10,999,nonexistent,94.465,-41.8,4.959
49,management,married,high.school,no,no,no,telephone,fri,13,999,nonexistent,94.465,-41.8,4.959
50,blue-collar,married,basic.4y,unknown,yes,yes,telephone,fri,3,999,nonexistent,94.465,-41.8,4.959
34,admin.,married,university.degree,no,yes,no,telephone,fri,6,999,nonexistent,94.465,-41.8,4.959
56,admin.,married,university.degree,no,no,no,telephone,fri,3,999,nonexistent,94.465,-41.8,4.959
35,admin.,married,university.degree,no,no,no,telephone,fri,4,999,nonexistent,94.465,-41.8,4.959
39,management,single,university.degree,no,no,no,telephone,mon,3,999,nonexistent,94.465,-41.8,4.958
34,admin.,married,university.degree,no,no,no,telephone,fri,2,999,nonexistent,94.465,-41.8,4.947
28,blue-collar,married,high.school,no,yes,no,telephone,thu,1,999,nonexistent,93.918,-42.7,4.966
38,blue-collar,married,high.school,no,yes,no,telephone,thu,1,999,nonexistent,93.918,-42.7,4.966
30,admin.,married,high.school,no,yes,no,cellular,fri,6,999,nonexistent,93.918,-42.7,4.959
52,management,married,professional.course,no,yes,no,cellular,mon,3,999,nonexistent,93.918,-42.7,4.96
32,services,single,high.school,no,no,no,cellular,mon,3,999,nonexistent,93.918,-42.7,4.96
29,services,married,high.school,no,yes,no,cellular,mon,1,999,nonexistent,93.918,-42.7,4.96
58,blue-collar,married,basic.4y,unknown,yes,no,cellular,mon,2,999,nonexistent,93.918,-42.7,4.96
24,services,married,high.school,no,yes,no,cellular,mon,4,999,nonexistent,93.918,-42.7,4.96
39,self-employed,married,university.degree,no,no,no,cellular,mon,1,999,nonexistent,93.918,-42.7,4.96
51,blue-collar,married,unknown,unknown,yes,no,cellular,mon,2,999,nonexistent,93.918,-42.7,4.96
39,management,divorced,university.degree,no,yes,no,cellular,tue,1,999,nonexistent,93.918,-42.7,4.962
29,admin.,single,high.school,no,no,no,cellular,tue,2,999,nonexistent,93.918,-42.7,4.962
32,services,divorced,high.school,unknown,yes,no,cellular,tue,1,999,nonexistent,93.918,-42.7,4.962
31,blue-collar,married,basic.6y,no,no,no,telephone,tue,3,999,nonexistent,93.918,-42.7,4.962
28,services,married,high.school,no,yes,no,cellular,tue,1,999,nonexistent,93.918,-42.7,4.962
31,admin.,single,professional.course,no,no,no,cellular,tue,1,999,nonexistent,93.918,-42.7,4.962
31,management,single,university.degree,no,no,no,cellular,wed,1,999,nonexistent,93.918,-42.7,4.962
31,admin.,single,high.school,no,no,no,cellular,wed,2,999,nonexistent,93.918,-42.7,4.962
41,blue-collar,single,basic.4y,unknown,unknown,unknown,cellular,wed,1,999,nonexistent,93.918,-42.7,4.962
33,blue-collar,married,basic.6y,no,no,no,telephone,wed,1,999,nonexistent,93.918,-42.7,4.962
32,technician,single,university.degree,no,yes,yes,telephone,wed,43,999,nonexistent,93.918,-42.7,4.962
32,technician,married,professional.course,no,yes,no,cellular,thu,1,999,nonexistent,93.918,-42.7,4.963
36,admin.,divorced,university.degree,unknown,no,no,telephone,thu,1,999,nonexistent,93.918,-42.7,4.963
43,blue-collar,single,basic.9y,no,yes,no,cellular,thu,1,999,nonexistent,93.918,-42.7,4.963
33,self-employed,married,basic.9y,unknown,no,no,cellular,thu,1,999,nonexistent,93.918,-42.7,4.963
31,admin.,married,high.school,no,no,no,cellular,thu,1,999,nonexistent,93.918,-42.7,4.963
27,admin.,single,high.school,no,yes,no,cellular,thu,1,999,nonexistent,93.918,-42.7,4.963
31,technician,married,professional.course,no,no,no,cellular,thu,1,999,nonexistent,93.918,-42.7,4.963
37,blue-collar,married,basic.9y,unknown,yes,no,cellular,fri,2,999,nonexistent,93.918,-42.7,4.963
43,entrepreneur,divorced,professional.course,no,no,yes,cellular,fri,2,999,nonexistent,93.918,-42.7,4.963
35,admin.,single,university.degree,no,no,no,cellular,fri,2,999,nonexistent,93.918,-42.7,4.963
29,blue-collar,single,basic.9y,no,no,no,cellular,fri,2,999,nonexistent,93.918,-42.7,4.963
46,housemaid,married,basic.4y,unknown,no,no,cellular,fri,2,999,nonexistent,93.918,-42.7,4.963
27,blue-collar,single,basic.9y,no,yes,no,cellular,mon,2,999,nonexistent,93.918,-42.7,4.962
30,admin.,single,university.degree,no,yes,yes,cellular,mon,2,999,nonexistent,93.918,-42.7,4.962
30,services,married,basic.6y,no,yes,no,cellular,mon,2,999,nonexistent,93.918,-42.7,4.962
27,housemaid,married,high.school,no,yes,no,cellular,mon,3,999,nonexistent,93.918,-42.7,4.962
36,admin.,married,university.degree,no,yes,yes,cellular,mon,2,999,nonexistent,93.918,-42.7,4.962
36,admin.,married,university.degree,no,yes,no,telephone,mon,5,999,nonexistent,93.918,-42.7,4.962
42,technician,married,basic.9y,no,no,no,cellular,tue,3,999,nonexistent,93.918,-42.7,4.961
29,entrepreneur,married,basic.4y,no,no,no,cellular,tue,4,999,nonexistent,93.918,-42.7,4.961
33,housemaid,married,basic.9y,no,no,no,cellular,tue,4,999,nonexistent,93.918,-42.7,4.961
32,services,single,unknown,unknown,no,no,cellular,tue,1,999,nonexistent,93.918,-42.7,4.961
37,services,married,high.school,no,yes,no,cellular,tue,2,999,nonexistent,93.918,-42.7,4.961
34,technician,divorced,basic.6y,no,yes,no,cellular,tue,3,999,nonexistent,93.918,-42.7,4.961
48,admin.,single,university.degree,no,no,no,telephone,tue,7,999,nonexistent,93.918,-42.7,4.961
33,blue-collar,divorced,basic.9y,unknown,no,no,cellular,tue,5,999,nonexistent,93.918,-42.7,4.961
59,retired,married,university.degree,unknown,no,no,cellular,wed,5,999,nonexistent,93.918,-42.7,4.957
49,blue-collar,divorced,unknown,unknown,no,no,cellular,wed,1,999,nonexistent,93.918,-42.7,4.957
33,blue-collar,married,basic.9y,no,yes,no,cellular,wed,11,999,nonexistent,93.918,-42.7,4.957
48,blue-collar,married,basic.6y,unknown,yes,no,cellular,wed,2,999,nonexistent,93.918,-42.7,4.957
31,admin.,single,basic.9y,no,no,no,cellular,wed,5,999,nonexistent,93.918,-42.7,4.957
47,blue-collar,married,basic.4y,unknown,yes,yes,cellular,thu,1,999,nonexistent,93.918,-42.7,4.958
27,blue-collar,single,basic.9y,no,no,no,cellular,thu,1,999,nonexistent,93.918,-42.7,4.958
24,admin.,single,high.school,unknown,yes,no,cellular,thu,1,999,nonexistent,93.918,-42.7,4.958
42,housemaid,married,basic.9y,no,yes,yes,cellular,thu,1,999,nonexistent,93.918,-42.7,4.958
44,blue-collar,married,basic.6y,unknown,no,no,telephone,thu,4,999,nonexistent,93.918,-42.7,4.958
42,services,married,high.school,no,no,no,cellular,thu,4,999,nonexistent,93.918,-42.7,4.958
31,blue-collar,single,basic.9y,no,yes,yes,cellular,fri,2,999,nonexistent,93.918,-42.7,4.957
28,technician,married,basic.9y,no,yes,no,cellular,fri,2,999,nonexistent,93.918,-42.7,4.957
29,management,single,basic.9y,no,no,yes,cellular,fri,1,999,nonexistent,93.918,-42.7,4.957
31,technician,married,high.school,no,yes,no,cellular,fri,10,999,nonexistent,93.918,-42.7,4.957
35,blue-collar,married,basic.9y,no,yes,no,cellular,fri,4,999,nonexistent,93.918,-42.7,4.957
41,self-employed,married,basic.9y,unknown,no,no,cellular,fri,8,999,nonexistent,93.918,-42.7,4.957
43,admin.,married,high.school,no,no,no,cellular,mon,2,999,nonexistent,93.918,-42.7,4.96
32,admin.,single,high.school,unknown,no,yes,cellular,mon,4,999,nonexistent,93.918,-42.7,4.96
27,admin.,single,high.school,unknown,no,no,cellular,mon,2,999,nonexistent,93.918,-42.7,4.96
36,technician,married,basic.4y,no,no,no,cellular,mon,1,999,nonexistent,93.918,-42.7,4.96
44,admin.,single,basic.9y,no,yes,yes,cellular,mon,2,999,nonexistent,93.918,-42.7,4.96
40,self-employed,married,high.school,no,yes,no,telephone,mon,1,999,nonexistent,93.918,-42.7,4.96
28,technician,married,basic.9y,no,yes,no,cellular,mon,4,999,nonexistent,93.918,-42.7,4.96
29,admin.,married,high.school,no,yes,no,cellular,mon,3,999,nonexistent,93.918,-42.7,4.96
37,admin.,single,high.school,unknown,no,no,cellular,tue,6,999,nonexistent,93.918,-42.7,4.961
46,blue-collar,married,unknown,no,yes,no,cellular,tue,1,999,nonexistent,93.918,-42.7,4.961
42,entrepreneur,married,university.degree,no,yes,no,cellular,tue,1,999,nonexistent,93.918,-42.7,4.961
41,blue-collar,married,basic.9y,no,yes,no,cellular,tue,2,999,nonexistent,93.918,-42.7,4.961
28,technician,single,high.school,no,yes,no,cellular,tue,2,999,nonexistent,93.918,-42.7,4.961
30,admin.,single,university.degree,no,no,yes,cellular,tue,2,999,nonexistent,93.918,-42.7,4.961
41,blue-collar,married,basic.9y,no,no,no,cellular,tue,4,999,nonexistent,93.918,-42.7,4.961
36,blue-collar,married,basic.6y,no,yes,no,cellular,tue,4,999,nonexistent,93.918,-42.7,4.961
42,housemaid,married,basic.4y,unknown,no,yes,cellular,wed,1,999,nonexistent,93.918,-42.7,4.963
39,admin.,married,basic.6y,unknown,no,no,cellular,wed,1,999,nonexistent,93.918,-42.7,4.963
37,unemployed,single,basic.9y,unknown,yes,yes,cellular,wed,1,999,nonexistent,93.918,-42.7,4.963
36,blue-collar,married,basic.9y,no,no,yes,cellular,wed,1,999,nonexistent,93.918,-42.7,4.963
32,student,single,high.school,no,yes,no,cellular,thu,2,999,nonexistent,93.918,-42.7,4.962
59,admin.,married,basic.4y,unknown,yes,no,cellular,thu,1,999,nonexistent,93.918,-42.7,4.962
36,management,married,unknown,unknown,yes,no,cellular,thu,1,999,nonexistent,93.918,-42.7,4.962
49,technician,married,professional.course,no,yes,no,cellular,thu,3,999,nonexistent,93.918,-42.7,4.962
38,admin.,single,university.degree,no,yes,yes,cellular,thu,3,999,nonexistent,93.918,-42.7,4.962
27,admin.,married,university.degree,no,no,yes,cellular,fri,2,999,nonexistent,93.918,-42.7,4.962
60,retired,married,basic.6y,unknown,no,no,cellular,fri,1,999,nonexistent,93.918,-42.7,4.962
51,blue-collar,married,basic.9y,unknown,yes,no,cellular,fri,1,999,nonexistent,93.918,-42.7,4.962
55,retired,married,professional.course,no,yes,no,cellular,fri,8,999,nonexistent,93.918,-42.7,4.962
43,blue-collar,married,basic.9y,no,no,no,cellular,mon,6,999,nonexistent,93.918,-42.7,4.962
46,management,married,university.degree,no,no,no,cellular,mon,2,999,nonexistent,93.918,-42.7,4.962
40,blue-collar,married,professional.course,no,no,no,cellular,mon,2,999,nonexistent,93.918,-42.7,4.962
48,technician,married,unknown,no,yes,no,cellular,mon,2,999,nonexistent,93.918,-42.7,4.962
49,management,married,university.degree,unknown,yes,no,telephone,mon,12,999,nonexistent,93.918,-42.7,4.962
45,self-employed,divorced,university.degree,no,no,no,cellular,tue,4,999,nonexistent,93.918,-42.7,4.961
33,admin.,married,university.degree,no,no,no,cellular,tue,1,999,nonexistent,93.918,-42.7,4.961
38,unemployed,married,basic.4y,unknown,no,no,cellular,tue,1,999,nonexistent,93.918,-42.7,4.961
57,admin.,divorced,university.degree,unknown,yes,yes,cellular,tue,6,999,nonexistent,93.918,-42.7,4.961
39,admin.,single,university.degree,no,yes,no,cellular,wed,1,999,nonexistent,93.918,-42.7,4.963
34,technician,single,professional.course,unknown,yes,no,cellular,wed,2,999,nonexistent,93.918,-42.7,4.963
29,technician,married,university.degree,no,yes,no,cellular,wed,5,999,nonexistent,93.918,-42.7,4.963
45,unknown,single,high.school,no,yes,no,cellular,wed,3,999,nonexistent,93.918,-42.7,4.963
32,management,single,university.degree,no,no,no,cellular,wed,3,999,nonexistent,93.918,-42.7,4.963
24,admin.,single,high.school,no,yes,no,cellular,thu,3,999,nonexistent,93.918,-42.7,4.968
29,admin.,single,university.degree,no,no,no,cellular,thu,14,999,nonexistent,93.918,-42.7,4.968
28,admin.,single,university.degree,no,no,no,cellular,thu,2,999,nonexistent,93.918,-42.7,4.968
27,self-employed,married,university.degree,no,yes,no,telephone,thu,3,999,nonexistent,93.918,-42.7,4.968
22,unemployed,single,high.school,no,yes,no,cellular,thu,3,999,nonexistent,93.918,-42.7,4.968
48,blue-collar,married,professional.course,no,no,no,cellular,thu,25,999,nonexistent,93.918,-42.7,4.968
54,admin.,married,university.degree,unknown,yes,no,cellular,thu,5,999,nonexistent,93.918,-42.7,4.968
33,student,divorced,professional.course,no,no,no,cellular,mon,1,999,nonexistent,93.444,-36.1,4.97
34,admin.,single,university.degree,no,no,yes,cellular,mon,3,999,nonexistent,93.444,-36.1,4.97
52,technician,divorced,university.degree,no,no,no,cellular,tue,1,999,nonexistent,93.444,-36.1,4.968
42,technician,married,high.school,no,yes,no,cellular,tue,1,999,nonexistent,93.444,-36.1,4.968
34,technician,single,university.degree,no,yes,yes,cellular,wed,3,999,nonexistent,93.444,-36.1,4.967
37,management,married,university.degree,no,no,no,cellular,wed,2,999,nonexistent,93.444,-36.1,4.967
51,technician,married,high.school,unknown,unknown,unknown,cellular,wed,1,999,nonexistent,93.444,-36.1,4.967
32,admin.,single,university.degree,no,no,no,cellular,wed,1,999,nonexistent,93.444,-36.1,4.967
30,admin.,single,university.degree,no,yes,no,cellular,wed,1,999,nonexistent,93.444,-36.1,4.967
31,management,married,university.degree,no,yes,yes,cellular,wed,2,999,nonexistent,93.444,-36.1,4.967
31,admin.,married,university.degree,no,yes,no,cellular,wed,1,999,nonexistent,93.444,-36.1,4.967
33,technician,single,professional.course,no,yes,no,cellular,wed,1,999,nonexistent,93.444,-36.1,4.967
33,technician,single,professional.course,no,no,no,cellular,wed,1,999,nonexistent,93.444,-36.1,4.967
48,blue-collar,married,unknown,no,yes,yes,cellular,wed,1,999,nonexistent,93.444,-36.1,4.967
52,blue-collar,married,basic.4y,unknown,yes,yes,cellular,wed,4,999,nonexistent,93.444,-36.1,4.967
33,technician,married,high.school,no,no,yes,cellular,thu,2,999,nonexistent,93.444,-36.1,4.968
31,services,married,professional.course,unknown,yes,no,cellular,thu,5,999,nonexistent,93.444,-36.1,4.968
39,management,married,university.degree,no,no,no,cellular,thu,6,999,nonexistent,93.444,-36.1,4.968
55,admin.,married,unknown,unknown,yes,no,cellular,thu,4,999,nonexistent,93.444,-36.1,4.968
44,blue-collar,married,professional.course,no,no,no,cellular,fri,4,999,nonexistent,93.444,-36.1,4.966
50,unemployed,married,professional.course,unknown,yes,no,cellular,fri,1,999,nonexistent,93.444,-36.1,4.966
44,management,married,university.degree,no,no,no,cellular,fri,1,999,nonexistent,93.444,-36.1,4.966
33,technician,single,professional.course,no,yes,yes,cellular,fri,1,999,nonexistent,93.444,-36.1,4.966
37,technician,divorced,professional.course,no,no,no,cellular,fri,2,999,nonexistent,93.444,-36.1,4.966
52,blue-collar,married,basic.6y,no,yes,no,cellular,fri,1,999,nonexistent,93.444,-36.1,4.966
34,technician,single,professional.course,no,no,no,cellular,fri,4,999,nonexistent,93.444,-36.1,4.966
33,technician,married,professional.course,no,no,no,cellular,fri,7,999,nonexistent,93.444,-36.1,4.966
30,blue-collar,married,high.school,no,yes,no,cellular,fri,3,999,nonexistent,93.444,-36.1,4.966
30,admin.,single,university.degree,no,no,no,cellular,mon,1,999,nonexistent,93.444,-36.1,4.965
30,admin.,single,university.degree,no,yes,no,cellular,mon,1,999,nonexistent,93.444,-36.1,4.965
50,management,married,university.degree,unknown,yes,no,cellular,mon,2,999,nonexistent,93.444,-36.1,4.965
38,admin.,married,university.degree,no,no,no,cellular,tue,1,999,nonexistent,93.444,-36.1,4.966
53,admin.,divorced,university.degree,no,no,no,cellular,tue,1,999,nonexistent,93.444,-36.1,4.966
42,technician,divorced,professional.course,no,yes,yes,cellular,tue,1,999,nonexistent,93.444,-36.1,4.966
31,unemployed,single,university.degree,no,yes,no,cellular,tue,2,999,nonexistent,93.444,-36.1,4.966
53,entrepreneur,married,basic.9y,unknown,yes,no,cellular,tue,5,999,nonexistent,93.444,-36.1,4.966
32,technician,married,university.degree,no,yes,no,cellular,tue,2,999,nonexistent,93.444,-36.1,4.966
35,technician,single,university.degree,no,yes,no,cellular,tue,3,999,nonexistent,93.444,-36.1,4.966
39,technician,divorced,professional.course,no,yes,yes,cellular,tue,2,999,nonexistent,93.444,-36.1,4.966
45,admin.,married,high.school,unknown,yes,no,cellular,tue,1,999,nonexistent,93.444,-36.1,4.966
41,technician,married,professional.course,no,yes,no,cellular,tue,1,999,nonexistent,93.444,-36.1,4.966
49,blue-collar,married,basic.9y,unknown,no,no,cellular,tue,2,999,nonexistent,93.444,-36.1,4.966
35,technician,married,university.degree,no,yes,no,cellular,wed,1,999,nonexistent,93.444,-36.1,4.965
52,admin.,married,high.school,no,no,no,cellular,wed,1,999,nonexistent,93.444,-36.1,4.965
57,technician,divorced,university.degree,no,yes,no,cellular,wed,1,999,nonexistent,93.444,-36.1,4.965
30,admin.,married,university.degree,no,no,no,cellular,wed,2,999,nonexistent,93.444,-36.1,4.965
53,services,married,high.school,unknown,yes,no,cellular,thu,1,999,nonexistent,93.444,-36.1,4.964
34,technician,single,university.degree,no,yes,no,cellular,thu,1,999,nonexistent,93.444,-36.1,4.964
47,technician,married,university.degree,no,yes,no,cellular,thu,2,999,nonexistent,93.444,-36.1,4.964
53,technician,married,professional.course,no,yes,no,cellular,thu,2,999,nonexistent,93.444,-36.1,4.964
54,technician,married,professional.course,no,yes,yes,cellular,thu,2,999,nonexistent,93.444,-36.1,4.964
32,technician,single,university.degree,no,yes,no,cellular,thu,2,999,nonexistent,93.444,-36.1,4.964
30,admin.,married,university.degree,no,no,no,cellular,mon,3,999,nonexistent,93.444,-36.1,4.963
49,services,married,basic.4y,unknown,no,no,cellular,mon,2,999,nonexistent,93.444,-36.1,4.963
38,technician,divorced,university.degree,unknown,yes,no,cellular,mon,2,999,nonexistent,93.444,-36.1,4.963
35,housemaid,single,professional.course,no,yes,yes,cellular,mon,1,999,nonexistent,93.444,-36.1,4.963
37,admin.,married,professional.course,unknown,yes,yes,cellular,mon,1,999,nonexistent,93.444,-36.1,4.963
54,blue-collar,married,basic.9y,no,yes,no,cellular,mon,1,999,nonexistent,93.444,-36.1,4.963
30,technician,single,university.degree,no,no,no,cellular,mon,3,999,nonexistent,93.444,-36.1,4.963
34,admin.,single,university.degree,no,yes,no,cellular,mon,4,999,nonexistent,93.444,-36.1,4.963
55,blue-collar,married,basic.4y,unknown,no,no,cellular,mon,4,999,nonexistent,93.444,-36.1,4.963
35,admin.,single,university.degree,no,yes,no,cellular,mon,4,999,nonexistent,93.444,-36.1,4.963
31,technician,single,professional.course,no,yes,no,cellular,tue,1,999,nonexistent,93.444,-36.1,4.963
39,admin.,single,university.degree,no,yes,no,cellular,tue,1,999,nonexistent,93.444,-36.1,4.963
34,technician,married,high.school,unknown,no,no,cellular,tue,1,999,nonexistent,93.444,-36.1,4.963
32,admin.,single,university.degree,no,yes,no,cellular,tue,2,999,nonexistent,93.444,-36.1,4.963
36,unemployed,single,professional.course,no,yes,yes,telephone,tue,1,999,nonexistent,93.444,-36.1,4.963
53,self-employed,married,basic.4y,no,no,no,cellular,tue,11,999,nonexistent,93.444,-36.1,4.963
33,admin.,single,university.degree,no,yes,yes,cellular,tue,4,999,nonexistent,93.444,-36.1,4.963
31,admin.,married,university.degree,no,yes,no,cellular,wed,1,999,nonexistent,93.444,-36.1,4.964
31,unemployed,married,university.degree,no,yes,no,cellular,wed,9,999,nonexistent,93.444,-36.1,4.964
41,admin.,divorced,university.degree,no,yes,no,cellular,wed,2,999,nonexistent,93.444,-36.1,4.964
59,retired,married,high.school,no,yes,no,cellular,wed,5,999,nonexistent,93.444,-36.1,4.964
36,admin.,married,university.degree,no,yes,no,cellular,wed,3,999,nonexistent,93.444,-36.1,4.964
46,self-employed,married,university.degree,no,no,yes,cellular,thu,3,999,nonexistent,93.444,-36.1,4.963
30,technician,married,high.school,no,no,no,cellular,thu,2,999,nonexistent,93.444,-36.1,4.963
57,technician,married,university.degree,no,no,no,cellular,thu,1,999,nonexistent,93.444,-36.1,4.963
30,technician,single,university.degree,no,yes,yes,cellular,fri,1,999,nonexistent,93.444,-36.1,4.964
31,blue-collar,married,basic.4y,no,no,no,cellular,fri,2,999,nonexistent,93.444,-36.1,4.964
32,admin.,single,university.degree,no,yes,yes,cellular,fri,3,999,nonexistent,93.444,-36.1,4.964
57,self-employed,married,university.degree,unknown,yes,no,cellular,mon,2,999,nonexistent,93.444,-36.1,4.965
49,blue-collar,married,unknown,unknown,yes,no,cellular,mon,4,999,nonexistent,93.444,-36.1,4.965
52,blue-collar,married,basic.4y,no,yes,no,cellular,mon,4,999,nonexistent,93.444,-36.1,4.965
29,admin.,single,university.degree,no,no,no,cellular,mon,4,999,nonexistent,93.444,-36.1,4.965
40,admin.,married,university.degree,no,yes,no,cellular,tue,3,999,nonexistent,93.444,-36.1,4.965
37,housemaid,married,basic.4y,unknown,yes,no,cellular,tue,1,999,nonexistent,93.444,-36.1,4.965
57,retired,married,basic.9y,no,yes,yes,cellular,tue,4,999,nonexistent,93.444,-36.1,4.965
51,admin.,married,university.degree,no,yes,no,cellular,tue,7,999,nonexistent,93.444,-36.1,4.965
47,management,married,university.degree,no,yes,no,cellular,tue,8,999,nonexistent,93.444,-36.1,4.965
38,admin.,married,university.degree,no,yes,no,cellular,tue,6,999,nonexistent,93.444,-36.1,4.965
47,technician,divorced,high.school,no,yes,no,cellular,wed,3,999,nonexistent,93.444,-36.1,4.964
39,technician,married,professional.course,no,no,no,cellular,wed,14,999,nonexistent,93.444,-36.1,4.964
37,technician,married,university.degree,no,no,no,cellular,thu,1,999,nonexistent,93.444,-36.1,4.962
35,technician,married,university.degree,unknown,no,no,cellular,thu,5,999,nonexistent,93.444,-36.1,4.962
42,management,married,university.degree,no,yes,no,cellular,thu,4,999,nonexistent,93.444,-36.1,4.962
35,technician,married,university.degree,no,yes,no,cellular,thu,10,999,nonexistent,93.444,-36.1,4.962
43,admin.,married,university.degree,no,yes,no,cellular,thu,13,999,nonexistent,93.444,-36.1,4.962
51,blue-collar,married,basic.9y,unknown,no,no,cellular,fri,1,999,nonexistent,93.444,-36.1,4.963
33,technician,single,university.degree,no,no,no,cellular,fri,1,999,nonexistent,93.444,-36.1,4.963
30,admin.,married,university.degree,no,yes,no,cellular,fri,1,999,nonexistent,93.444,-36.1,4.963
53,self-employed,married,university.degree,no,no,no,cellular,fri,1,999,nonexistent,93.444,-36.1,4.963
29,technician,single,university.degree,no,no,no,telephone,fri,1,999,nonexistent,93.444,-36.1,4.963
38,admin.,married,university.degree,no,yes,no,telephone,fri,1,999,nonexistent,93.444,-36.1,4.963
56,unknown,married,unknown,no,no,no,telephone,fri,1,999,nonexistent,93.798,-40.4,5.045
59,admin.,married,university.degree,no,no,no,telephone,tue,1,999,nonexistent,93.798,-40.4,4.968
39,blue-collar,married,basic.9y,no,yes,no,telephone,fri,1,999,nonexistent,93.798,-40.4,4.918
26,admin.,single,university.degree,no,yes,no,telephone,mon,1,999,nonexistent,93.798,-40.4,4.912
31,admin.,single,university.degree,no,yes,no,telephone,tue,1,999,nonexistent,93.798,-40.4,4.86
38,entrepreneur,married,basic.4y,no,no,no,telephone,fri,1,999,nonexistent,93.798,-40.4,4.76
25,management,married,university.degree,no,yes,no,telephone,wed,1,999,nonexistent,93.2,-42,4.663
27,self-employed,married,professional.course,no,no,no,telephone,wed,1,999,nonexistent,93.2,-42,4.663
41,admin.,single,high.school,no,yes,no,telephone,thu,1,999,nonexistent,93.2,-42,4.592
27,student,single,university.degree,no,yes,no,telephone,mon,1,999,nonexistent,93.2,-42,4.406
36,admin.,married,high.school,no,yes,no,telephone,wed,1,999,failure,93.2,-42,4.286
48,services,married,unknown,no,no,no,cellular,mon,1,999,nonexistent,93.2,-42,4.191
47,services,divorced,high.school,no,yes,no,cellular,mon,1,999,nonexistent,93.2,-42,4.191
49,blue-collar,divorced,high.school,no,no,no,telephone,mon,1,999,nonexistent,93.2,-42,4.191
35,entrepreneur,single,basic.9y,no,yes,no,cellular,mon,2,999,nonexistent,93.2,-42,4.191
42,admin.,single,high.school,no,yes,no,cellular,mon,1,999,failure,93.2,-42,4.191
57,technician,married,professional.course,no,no,no,cellular,mon,2,999,nonexistent,93.2,-42,4.191
35,blue-collar,divorced,high.school,no,no,yes,cellular,mon,2,999,failure,93.2,-42,4.191
45,admin.,married,basic.9y,no,yes,no,cellular,mon,3,999,nonexistent,93.2,-42,4.191
51,admin.,married,university.degree,no,no,no,cellular,tue,1,999,nonexistent,93.2,-42,4.153
37,self-employed,divorced,basic.9y,no,yes,no,cellular,tue,1,999,nonexistent,93.2,-42,4.153
51,technician,married,unknown,no,no,no,cellular,tue,1,999,nonexistent,93.2,-42,4.153
39,management,single,high.school,unknown,no,no,cellular,tue,1,999,failure,93.2,-42,4.153
52,management,married,university.degree,no,unknown,unknown,cellular,tue,1,999,nonexistent,93.2,-42,4.153
40,management,married,university.degree,no,no,no,cellular,tue,2,999,failure,93.2,-42,4.153
29,management,single,university.degree,no,no,no,cellular,tue,1,999,nonexistent,93.2,-42,4.153
46,self-employed,married,basic.6y,unknown,yes,no,cellular,tue,1,999,failure,93.2,-42,4.153
51,blue-collar,married,basic.4y,unknown,no,no,cellular,tue,1,999,nonexistent,93.2,-42,4.153
49,admin.,married,university.degree,no,no,no,cellular,tue,1,999,failure,93.2,-42,4.153
35,technician,married,professional.course,no,no,no,cellular,tue,3,999,nonexistent,93.2,-42,4.153
41,technician,married,basic.9y,no,yes,no,telephone,tue,2,999,failure,93.2,-42,4.153
41,blue-collar,married,professional.course,unknown,yes,no,cellular,tue,2,999,nonexistent,93.2,-42,4.153
38,self-employed,married,professional.course,no,no,no,cellular,tue,2,999,nonexistent,93.2,-42,4.153
34,technician,single,professional.course,no,yes,no,cellular,tue,2,999,nonexistent,93.2,-42,4.153
39,blue-collar,married,basic.9y,no,yes,no,cellular,tue,4,999,failure,93.2,-42,4.153
31,technician,married,university.degree,no,no,no,cellular,wed,1,999,failure,93.2,-42,4.12
30,technician,married,university.degree,no,yes,no,cellular,wed,1,999,nonexistent,93.2,-42,4.12
33,services,single,high.school,no,yes,no,cellular,wed,2,999,nonexistent,93.2,-42,4.12
47,unemployed,married,professional.course,no,yes,no,cellular,wed,1,999,nonexistent,93.2,-42,4.12
32,entrepreneur,married,high.school,no,yes,no,cellular,wed,1,999,nonexistent,93.2,-42,4.12
33,technician,married,university.degree,no,no,no,cellular,wed,1,999,nonexistent,93.2,-42,4.12
30,blue-collar,married,basic.9y,no,yes,no,cellular,wed,1,999,nonexistent,93.2,-42,4.12
36,entrepreneur,single,university.degree,no,yes,no,cellular,wed,1,999,nonexistent,93.2,-42,4.12
29,management,single,university.degree,no,no,no,cellular,wed,1,999,nonexistent,93.2,-42,4.12
29,blue-collar,single,basic.9y,no,yes,no,cellular,wed,1,999,nonexistent,93.2,-42,4.12
36,management,married,university.degree,no,yes,no,cellular,wed,2,999,nonexistent,93.2,-42,4.12
30,admin.,married,university.degree,no,yes,no,cellular,wed,5,999,nonexistent,93.2,-42,4.12
35,admin.,married,university.degree,no,yes,yes,cellular,wed,2,999,nonexistent,93.2,-42,4.12
56,blue-collar,divorced,basic.9y,no,yes,no,cellular,wed,3,999,nonexistent,93.2,-42,4.12
37,entrepreneur,married,university.degree,no,no,no,telephone,wed,2,999,failure,93.2,-42,4.12
52,management,married,university.degree,no,yes,no,cellular,wed,3,999,nonexistent,93.2,-42,4.12
36,management,divorced,high.school,no,no,yes,cellular,wed,2,999,nonexistent,93.2,-42,4.12
29,blue-collar,married,high.school,no,yes,no,telephone,thu,3,999,nonexistent,93.2,-42,4.076
46,unemployed,married,basic.6y,no,yes,no,cellular,thu,4,999,nonexistent,93.2,-42,4.076
53,technician,divorced,high.school,no,no,no,cellular,thu,1,999,nonexistent,93.2,-42,4.076
30,technician,married,university.degree,no,no,yes,cellular,thu,1,999,failure,93.2,-42,4.076
50,blue-collar,married,professional.course,unknown,no,no,cellular,thu,1,999,nonexistent,93.2,-42,4.076
32,unemployed,married,high.school,no,yes,no,cellular,thu,1,999,nonexistent,93.2,-42,4.076
44,admin.,single,university.degree,no,yes,no,cellular,thu,4,999,nonexistent,93.2,-42,4.076
56,blue-collar,married,basic.9y,no,yes,no,cellular,thu,1,999,failure,93.2,-42,4.076
30,admin.,married,university.degree,no,yes,no,cellular,thu,3,999,nonexistent,93.2,-42,4.076
30,blue-collar,single,basic.9y,unknown,yes,no,cellular,thu,2,999,nonexistent,93.2,-42,4.076
47,entrepreneur,divorced,basic.9y,no,no,no,cellular,thu,2,999,nonexistent,93.2,-42,4.076
33,technician,divorced,professional.course,no,yes,no,cellular,thu,3,999,failure,93.2,-42,4.076
44,admin.,single,university.degree,no,yes,yes,cellular,thu,4,999,nonexistent,93.2,-42,4.076
29,admin.,single,university.degree,no,yes,yes,cellular,thu,1,999,nonexistent,93.2,-42,4.076
37,blue-collar,divorced,professional.course,no,yes,no,cellular,thu,1,999,nonexistent,93.2,-42,4.076
35,admin.,single,university.degree,no,yes,no,cellular,thu,2,999,failure,93.2,-42,4.076
33,blue-collar,married,basic.9y,unknown,yes,no,cellular,thu,1,999,nonexistent,93.2,-42,4.076
41,blue-collar,married,basic.4y,no,no,no,cellular,thu,3,999,failure,93.2,-42,4.076
39,services,single,university.degree,unknown,yes,no,cellular,thu,3,999,nonexistent,93.2,-42,4.076
36,self-employed,married,basic.9y,no,yes,yes,cellular,thu,3,999,nonexistent,93.2,-42,4.076
55,unemployed,married,university.degree,no,yes,no,cellular,thu,2,999,nonexistent,93.2,-42,4.076
46,management,single,university.degree,no,no,yes,cellular,thu,8,999,nonexistent,93.2,-42,4.076
32,admin.,single,university.degree,no,no,yes,cellular,thu,2,999,failure,93.2,-42,4.076
33,management,single,university.degree,no,no,no,cellular,thu,3,999,nonexistent,93.2,-42,4.076
34,admin.,married,high.school,no,no,no,cellular,thu,4,999,nonexistent,93.2,-42,4.076
39,admin.,married,university.degree,no,yes,no,telephone,thu,4,999,nonexistent,93.2,-42,4.076
49,technician,married,basic.4y,no,yes,no,cellular,fri,3,999,nonexistent,93.2,-42,4.021
46,admin.,married,university.degree,no,yes,no,cellular,fri,1,999,nonexistent,93.2,-42,4.021
44,self-employed,divorced,professional.course,no,yes,no,cellular,fri,2,999,nonexistent,93.2,-42,4.021
56,management,married,basic.9y,no,yes,yes,cellular,fri,2,999,failure,93.2,-42,4.021
54,admin.,divorced,high.school,no,no,no,cellular,fri,6,999,nonexistent,93.2,-42,4.021
43,technician,single,high.school,no,no,no,cellular,fri,2,999,nonexistent,93.2,-42,4.021
35,management,married,university.degree,no,yes,no,cellular,fri,9,999,nonexistent,93.2,-42,4.021
29,technician,single,professional.course,no,no,no,cellular,fri,5,999,nonexistent,93.2,-42,4.021
48,blue-collar,married,basic.4y,no,yes,no,cellular,fri,2,999,nonexistent,93.2,-42,4.021
26,student,single,basic.9y,no,yes,yes,cellular,mon,4,999,failure,92.843,-50,1.811
30,management,married,university.degree,no,no,no,cellular,mon,1,999,nonexistent,92.843,-50,1.811
26,admin.,married,university.degree,no,yes,no,cellular,mon,1,999,nonexistent,92.843,-50,1.811
26,admin.,married,university.degree,no,yes,no,cellular,mon,5,999,nonexistent,92.843,-50,1.811
28,admin.,single,high.school,no,yes,no,cellular,tue,2,999,nonexistent,92.843,-50,1.799
43,blue-collar,married,basic.9y,no,no,no,cellular,tue,2,999,nonexistent,92.843,-50,1.799
24,services,single,unknown,no,yes,no,cellular,tue,13,999,nonexistent,92.843,-50,1.799
34,technician,single,professional.course,no,yes,yes,cellular,fri,1,999,nonexistent,92.843,-50,1.726
32,management,single,university.degree,no,yes,no,cellular,tue,3,999,nonexistent,92.843,-50,1.687
39,admin.,single,high.school,no,yes,no,cellular,tue,3,999,nonexistent,92.843,-50,1.687
88,retired,divorced,basic.4y,no,no,no,cellular,wed,2,999,nonexistent,92.843,-50,1.663
34,technician,married,professional.course,no,no,no,telephone,mon,4,999,nonexistent,92.843,-50,1.629
24,admin.,single,high.school,no,yes,yes,cellular,wed,1,999,nonexistent,92.843,-50,1.602
31,admin.,divorced,university.degree,no,yes,yes,cellular,mon,2,999,failure,92.843,-50,1.56
36,management,married,university.degree,no,yes,yes,cellular,thu,1,999,nonexistent,92.843,-50,1.538
22,student,single,basic.9y,no,yes,no,cellular,thu,1,999,nonexistent,92.843,-50,1.538
66,retired,married,unknown,no,yes,no,telephone,fri,1,999,nonexistent,92.843,-50,1.531
33,blue-collar,married,basic.6y,no,yes,no,cellular,wed,3,999,nonexistent,93.075,-47.1,1.498
32,blue-collar,married,basic.9y,no,yes,no,cellular,fri,1,999,nonexistent,93.075,-47.1,1.479
34,blue-collar,married,basic.9y,unknown,yes,no,telephone,mon,2,5,success,93.075,-47.1,1.466
37,blue-collar,married,basic.6y,no,yes,no,cellular,mon,2,999,failure,93.075,-47.1,1.466
63,retired,married,unknown,no,no,no,cellular,wed,1,999,failure,93.075,-47.1,1.445
35,admin.,married,high.school,no,yes,no,cellular,wed,1,999,nonexistent,93.075,-47.1,1.445
32,services,divorced,high.school,no,no,no,cellular,thu,3,999,nonexistent,93.075,-47.1,1.435
30,self-employed,single,university.degree,no,yes,no,cellular,thu,1,999,failure,93.075,-47.1,1.435
37,blue-collar,married,professional.course,no,no,no,cellular,thu,1,999,nonexistent,93.075,-47.1,1.435
41,technician,married,professional.course,no,yes,no,cellular,tue,5,999,failure,93.075,-47.1,1.423
30,admin.,married,university.degree,no,yes,yes,cellular,tue,1,999,nonexistent,93.075,-47.1,1.423
28,blue-collar,single,university.degree,no,no,no,cellular,tue,3,999,nonexistent,93.075,-47.1,1.423
42,self-employed,married,university.degree,no,yes,no,cellular,tue,1,999,failure,93.075,-47.1,1.423
46,technician,married,professional.course,no,no,no,cellular,tue,1,999,nonexistent,93.075,-47.1,1.423
44,unemployed,divorced,basic.9y,no,no,no,cellular,wed,1,999,nonexistent,93.075,-47.1,1.415
66,retired,married,basic.4y,no,yes,no,cellular,wed,11,999,nonexistent,93.075,-47.1,1.415
41,services,single,high.school,no,yes,yes,cellular,wed,2,999,nonexistent,93.075,-47.1,1.415
26,blue-collar,married,basic.9y,no,no,no,cellular,thu,2,999,nonexistent,93.075,-47.1,1.41
40,services,married,high.school,no,yes,no,cellular,thu,2,999,nonexistent,93.075,-47.1,1.41
35,admin.,single,high.school,no,yes,no,cellular,thu,1,999,nonexistent,93.075,-47.1,1.41
33,technician,married,professional.course,no,no,no,cellular,thu,1,999,nonexistent,93.075,-47.1,1.41
41,blue-collar,divorced,basic.4y,no,no,yes,cellular,thu,2,999,nonexistent,93.075,-47.1,1.41
56,admin.,married,basic.9y,no,yes,no,cellular,thu,2,999,nonexistent,93.075,-47.1,1.41
45,services,divorced,basic.4y,no,no,no,cellular,thu,1,999,nonexistent,93.075,-47.1,1.41
54,blue-collar,married,unknown,unknown,yes,no,cellular,fri,2,999,nonexistent,93.075,-47.1,1.405
29,admin.,single,university.degree,no,no,no,cellular,fri,1,999,nonexistent,93.075,-47.1,1.405
32,management,single,university.degree,no,yes,no,cellular,fri,1,999,nonexistent,93.075,-47.1,1.405
34,blue-collar,divorced,basic.4y,no,yes,no,cellular,fri,1,999,failure,93.075,-47.1,1.405
24,services,single,high.school,no,yes,no,cellular,fri,1,999,nonexistent,93.075,-47.1,1.405
45,management,married,university.degree,no,yes,yes,cellular,fri,1,999,failure,93.075,-47.1,1.405
33,technician,married,professional.course,no,no,yes,cellular,fri,1,999,failure,93.075,-47.1,1.405
44,admin.,single,university.degree,no,no,no,cellular,fri,2,999,nonexistent,93.075,-47.1,1.405
38,admin.,single,high.school,no,yes,no,cellular,fri,2,999,failure,93.075,-47.1,1.405
40,services,single,high.school,no,no,no,cellular,mon,2,999,nonexistent,93.075,-47.1,1.405
48,services,divorced,high.school,no,yes,no,cellular,mon,3,999,failure,93.075,-47.1,1.405
40,admin.,single,high.school,no,yes,no,cellular,mon,1,999,nonexistent,93.075,-47.1,1.405
56,housemaid,married,basic.4y,no,yes,no,cellular,mon,1,999,nonexistent,93.075,-47.1,1.405
54,technician,married,high.school,no,no,no,cellular,mon,3,999,failure,93.075,-47.1,1.405
25,admin.,single,university.degree,no,no,yes,cellular,mon,1,999,nonexistent,93.075,-47.1,1.405
33,housemaid,married,basic.4y,no,yes,no,cellular,mon,2,999,nonexistent,93.075,-47.1,1.405
47,housemaid,single,professional.course,no,yes,no,cellular,tue,2,999,nonexistent,93.075,-47.1,1.405
85,retired,married,basic.4y,unknown,yes,no,cellular,tue,3,999,nonexistent,93.075,-47.1,1.405
27,services,single,high.school,no,yes,no,cellular,tue,1,999,nonexistent,93.075,-47.1,1.405
23,admin.,single,university.degree,no,no,no,cellular,wed,1,999,failure,93.075,-47.1,1.405
64,retired,married,basic.4y,no,yes,no,cellular,wed,1,999,failure,93.075,-47.1,1.405
25,admin.,single,high.school,no,yes,no,cellular,wed,1,999,nonexistent,93.075,-47.1,1.405
54,technician,married,professional.course,no,yes,no,cellular,wed,2,999,nonexistent,93.075,-47.1,1.405
52,blue-collar,married,basic.4y,no,yes,no,cellular,wed,5,999,nonexistent,93.075,-47.1,1.405
26,student,single,high.school,no,yes,no,cellular,thu,4,999,nonexistent,93.075,-47.1,1.406
50,admin.,married,university.degree,no,yes,no,cellular,fri,1,999,nonexistent,93.075,-47.1,1.4
30,technician,single,university.degree,no,no,no,cellular,wed,5,999,nonexistent,93.075,-47.1,1.372
79,retired,married,basic.9y,no,yes,no,cellular,thu,1,999,nonexistent,93.075,-47.1,1.365
53,admin.,single,university.degree,no,no,no,cellular,thu,1,2,success,93.075,-47.1,1.365
60,admin.,married,high.school,no,no,no,cellular,thu,1,2,success,93.075,-47.1,1.365
41,management,married,basic.6y,no,no,no,cellular,thu,1,999,nonexistent,93.075,-47.1,1.365
39,technician,married,basic.9y,no,yes,no,cellular,thu,1,999,nonexistent,93.075,-47.1,1.365
38,self-employed,married,professional.course,no,yes,no,cellular,thu,2,999,nonexistent,93.075,-47.1,1.365
81,retired,married,professional.course,no,yes,no,cellular,thu,2,999,nonexistent,93.075,-47.1,1.365
35,technician,married,professional.course,no,no,no,cellular,thu,2,5,success,93.075,-47.1,1.365
46,technician,married,professional.course,no,yes,no,cellular,thu,2,999,nonexistent,93.075,-47.1,1.365
39,services,married,university.degree,no,no,no,cellular,thu,1,999,nonexistent,93.075,-47.1,1.365
29,admin.,single,university.degree,no,no,no,cellular,thu,1,999,nonexistent,93.075,-47.1,1.365
56,entrepreneur,married,university.degree,no,yes,no,cellular,thu,1,999,nonexistent,93.075,-47.1,1.365
30,admin.,married,university.degree,no,yes,no,cellular,thu,1,999,nonexistent,93.075,-47.1,1.365
24,student,single,high.school,no,no,yes,cellular,thu,1,999,nonexistent,93.075,-47.1,1.365
47,blue-collar,married,high.school,no,no,no,cellular,thu,2,999,nonexistent,93.075,-47.1,1.365
28,admin.,single,university.degree,no,no,yes,telephone,thu,1,999,nonexistent,93.075,-47.1,1.365
30,admin.,married,university.degree,no,yes,no,cellular,thu,2,999,nonexistent,93.075,-47.1,1.365
37,admin.,married,high.school,no,no,no,cellular,thu,3,999,nonexistent,93.075,-47.1,1.365
61,retired,divorced,university.degree,no,no,no,cellular,thu,2,999,nonexistent,93.075,-47.1,1.365
32,blue-collar,married,professional.course,no,yes,no,cellular,thu,2,999,nonexistent,93.075,-47.1,1.365
56,entrepreneur,married,university.degree,no,yes,no,cellular,thu,1,999,nonexistent,93.075,-47.1,1.365
24,student,single,high.school,no,no,yes,cellular,thu,1,999,nonexistent,93.075,-47.1,1.365
59,housemaid,married,professional.course,no,no,no,cellular,mon,2,999,nonexistent,92.893,-46.2,1.354
49,admin.,married,university.degree,no,yes,yes,telephone,mon,1,999,nonexistent,92.893,-46.2,1.354
30,management,single,university.degree,no,yes,yes,cellular,mon,1,999,nonexistent,92.893,-46.2,1.354
41,technician,married,unknown,no,yes,yes,cellular,mon,1,3,success,92.893,-46.2,1.354
28,blue-collar,married,basic.6y,unknown,no,no,cellular,mon,2,999,nonexistent,92.893,-46.2,1.354
57,admin.,single,university.degree,no,no,yes,cellular,mon,3,999,nonexistent,92.893,-46.2,1.354
33,blue-collar,married,high.school,unknown,yes,no,cellular,mon,2,999,nonexistent,92.893,-46.2,1.354
56,housemaid,married,high.school,no,yes,yes,telephone,mon,3,999,failure,92.893,-46.2,1.354
22,student,single,high.school,no,yes,yes,cellular,mon,3,999,nonexistent,92.893,-46.2,1.354
61,technician,divorced,professional.course,no,yes,no,cellular,mon,3,999,nonexistent,92.893,-46.2,1.354
42,admin.,married,university.degree,no,yes,no,cellular,mon,6,999,nonexistent,92.893,-46.2,1.354
40,admin.,married,university.degree,no,no,no,cellular,mon,4,999,nonexistent,92.893,-46.2,1.354
48,unemployed,married,professional.course,no,yes,yes,cellular,mon,4,999,failure,92.893,-46.2,1.354
50,self-employed,married,basic.9y,no,yes,yes,cellular,mon,6,3,success,92.893,-46.2,1.354
31,services,single,basic.9y,no,no,no,cellular,tue,1,999,nonexistent,92.893,-46.2,1.344
35,blue-collar,single,high.school,no,no,no,cellular,tue,1,999,nonexistent,92.893,-46.2,1.344
50,technician,married,unknown,no,yes,yes,cellular,tue,1,999,nonexistent,92.893,-46.2,1.344
51,blue-collar,married,basic.6y,no,unknown,unknown,cellular,tue,2,999,nonexistent,92.893,-46.2,1.344
49,blue-collar,married,basic.6y,unknown,no,no,cellular,tue,1,999,failure,92.893,-46.2,1.344
36,admin.,single,university.degree,no,yes,no,telephone,tue,6,999,nonexistent,92.893,-46.2,1.344
48,blue-collar,married,basic.6y,no,yes,no,cellular,tue,3,999,nonexistent,92.893,-46.2,1.344
48,blue-collar,married,basic.9y,no,yes,no,cellular,tue,2,999,nonexistent,92.893,-46.2,1.344
41,blue-collar,single,basic.9y,no,yes,yes,cellular,wed,1,999,nonexistent,92.893,-46.2,1.334
46,admin.,married,high.school,no,no,no,cellular,wed,1,999,failure,92.893,-46.2,1.334
29,blue-collar,married,basic.9y,no,no,yes,cellular,wed,1,999,nonexistent,92.893,-46.2,1.334
33,blue-collar,married,basic.9y,unknown,no,no,cellular,wed,2,999,nonexistent,92.893,-46.2,1.334
31,blue-collar,married,basic.6y,unknown,yes,no,cellular,wed,2,999,nonexistent,92.893,-46.2,1.334
28,blue-collar,single,high.school,no,no,no,cellular,thu,1,999,nonexistent,92.893,-46.2,1.327
37,blue-collar,married,basic.9y,no,no,no,cellular,thu,1,999,nonexistent,92.893,-46.2,1.327
31,services,divorced,high.school,unknown,yes,no,cellular,thu,1,999,nonexistent,92.893,-46.2,1.327
37,self-employed,married,basic.4y,no,no,no,cellular,thu,1,999,nonexistent,92.893,-46.2,1.327
36,blue-collar,married,basic.9y,no,no,no,cellular,thu,1,999,nonexistent,92.893,-46.2,1.327
29,blue-collar,married,basic.6y,no,no,no,cellular,thu,2,999,nonexistent,92.893,-46.2,1.327
39,management,married,professional.course,no,yes,no,cellular,thu,1,6,success,92.893,-46.2,1.327
32,admin.,married,university.degree,no,no,no,cellular,thu,1,6,success,92.893,-46.2,1.327
41,self-employed,married,basic.9y,no,yes,no,cellular,thu,3,999,failure,92.893,-46.2,1.327
56,blue-collar,married,basic.9y,no,no,no,cellular,thu,1,999,nonexistent,92.893,-46.2,1.327
34,blue-collar,married,basic.9y,no,no,yes,cellular,fri,1,999,nonexistent,92.893,-46.2,1.313
49,blue-collar,single,unknown,unknown,yes,no,cellular,fri,1,999,failure,92.893,-46.2,1.313
34,blue-collar,married,university.degree,no,no,yes,cellular,fri,4,999,nonexistent,92.893,-46.2,1.313
35,admin.,married,university.degree,no,yes,no,cellular,fri,1,999,nonexistent,92.893,-46.2,1.313
34,technician,married,professional.course,no,no,no,cellular,fri,2,999,failure,92.893,-46.2,1.313
33,admin.,single,university.degree,no,no,no,cellular,mon,1,999,nonexistent,92.893,-46.2,1.299
30,blue-collar,married,basic.9y,no,yes,no,cellular,mon,1,999,failure,92.893,-46.2,1.299
30,technician,single,professional.course,no,yes,no,cellular,mon,1,999,nonexistent,92.893,-46.2,1.299
27,technician,single,basic.9y,no,no,yes,cellular,mon,1,12,success,92.893,-46.2,1.299
31,management,single,university.degree,no,yes,yes,cellular,mon,1,999,nonexistent,92.893,-46.2,1.299
26,admin.,single,high.school,no,no,no,cellular,mon,2,999,nonexistent,92.893,-46.2,1.299
45,management,married,basic.9y,unknown,yes,no,cellular,mon,1,999,failure,92.893,-46.2,1.299
35,blue-collar,married,basic.4y,no,no,yes,cellular,mon,2,999,failure,92.893,-46.2,1.299
47,admin.,single,high.school,no,yes,no,cellular,mon,3,999,nonexistent,92.893,-46.2,1.299
31,blue-collar,married,basic.6y,no,no,no,cellular,tue,3,999,failure,92.893,-46.2,1.291
40,services,divorced,high.school,no,no,no,cellular,tue,1,999,nonexistent,92.893,-46.2,1.291
27,blue-collar,single,basic.4y,no,no,no,cellular,tue,1,999,failure,92.893,-46.2,1.291
29,blue-collar,married,basic.4y,unknown,no,no,cellular,tue,1,999,failure,92.893,-46.2,1.291
45,admin.,married,university.degree,no,yes,yes,cellular,tue,1,999,nonexistent,92.893,-46.2,1.291
47,admin.,divorced,high.school,no,yes,no,cellular,tue,1,999,failure,92.893,-46.2,1.291
43,technician,single,university.degree,no,no,yes,telephone,tue,2,999,nonexistent,92.893,-46.2,1.291
32,admin.,married,university.degree,no,yes,no,cellular,tue,2,999,nonexistent,92.893,-46.2,1.291
35,blue-collar,married,basic.9y,no,no,no,cellular,tue,2,999,failure,92.893,-46.2,1.291
47,admin.,divorced,university.degree,unknown,no,no,cellular,wed,2,999,nonexistent,92.893,-46.2,1.281
38,self-employed,married,basic.9y,no,yes,yes,cellular,wed,3,999,nonexistent,92.893,-46.2,1.281
34,blue-collar,married,high.school,no,no,no,cellular,wed,1,999,nonexistent,92.893,-46.2,1.281
24,admin.,married,basic.9y,no,yes,no,cellular,wed,1,10,success,92.893,-46.2,1.281
33,services,single,high.school,no,yes,no,cellular,wed,1,999,failure,92.893,-46.2,1.281
48,admin.,divorced,unknown,no,yes,no,cellular,wed,6,999,nonexistent,92.893,-46.2,1.281
32,blue-collar,married,basic.6y,unknown,yes,no,cellular,wed,1,999,nonexistent,92.893,-46.2,1.281
29,blue-collar,married,basic.9y,no,no,no,cellular,wed,1,999,nonexistent,92.893,-46.2,1.281
33,management,married,basic.9y,no,yes,yes,cellular,wed,1,999,nonexistent,92.893,-46.2,1.281
33,blue-collar,single,basic.6y,unknown,no,no,cellular,wed,1,999,nonexistent,92.893,-46.2,1.281
35,blue-collar,married,basic.6y,no,no,no,telephone,wed,3,999,nonexistent,92.893,-46.2,1.281
45,blue-collar,single,basic.4y,no,yes,no,cellular,wed,2,999,nonexistent,92.893,-46.2,1.281
41,services,married,high.school,no,yes,no,cellular,wed,2,999,nonexistent,92.893,-46.2,1.281
23,services,married,high.school,no,yes,no,cellular,wed,3,999,nonexistent,92.893,-46.2,1.281
51,blue-collar,married,high.school,no,yes,no,cellular,wed,1,999,failure,92.893,-46.2,1.281
34,blue-collar,married,unknown,unknown,yes,no,telephone,wed,3,999,nonexistent,92.893,-46.2,1.281
38,blue-collar,married,basic.9y,no,yes,no,cellular,wed,5,999,nonexistent,92.893,-46.2,1.281
43,admin.,married,high.school,no,yes,no,telephone,wed,2,999,failure,92.893,-46.2,1.281
30,admin.,single,high.school,no,no,no,cellular,wed,2,999,failure,92.893,-46.2,1.281
28,services,single,high.school,no,no,no,cellular,wed,2,999,nonexistent,92.893,-46.2,1.281
44,services,divorced,high.school,no,yes,no,cellular,thu,1,999,nonexistent,92.893,-46.2,1.266
42,blue-collar,married,basic.9y,no,no,no,telephone,thu,1,999,nonexistent,92.893,-46.2,1.266
32,self-employed,single,professional.course,unknown,no,no,cellular,thu,3,999,nonexistent,92.893,-46.2,1.266
33,management,married,professional.course,no,no,no,cellular,thu,1,999,nonexistent,92.893,-46.2,1.266
29,services,married,high.school,no,yes,no,cellular,thu,2,999,nonexistent,92.893,-46.2,1.266
24,admin.,single,high.school,no,no,no,cellular,thu,2,999,nonexistent,92.893,-46.2,1.266
57,admin.,married,basic.9y,no,no,no,cellular,thu,1,999,nonexistent,92.893,-46.2,1.266
23,technician,single,high.school,no,no,no,cellular,thu,1,999,nonexistent,92.893,-46.2,1.266
33,blue-collar,married,basic.9y,unknown,no,no,cellular,thu,2,999,nonexistent,92.893,-46.2,1.266
26,technician,single,professional.course,no,yes,no,cellular,thu,1,999,nonexistent,92.893,-46.2,1.266
31,blue-collar,married,basic.9y,no,no,no,cellular,thu,1,999,nonexistent,92.893,-46.2,1.266
31,blue-collar,married,basic.9y,no,no,no,cellular,thu,2,999,nonexistent,92.893,-46.2,1.266
31,blue-collar,married,basic.4y,no,no,yes,cellular,thu,2,999,failure,92.893,-46.2,1.266
35,services,single,high.school,no,no,yes,telephone,thu,7,999,failure,92.893,-46.2,1.266
44,admin.,married,high.school,no,yes,yes,cellular,fri,4,999,nonexistent,92.893,-46.2,1.25
41,management,married,university.degree,no,no,no,cellular,fri,1,999,nonexistent,92.893,-46.2,1.25
30,management,married,university.degree,no,no,no,cellular,fri,1,999,failure,92.893,-46.2,1.25
45,blue-collar,single,high.school,no,yes,no,cellular,fri,1,999,nonexistent,92.893,-46.2,1.25
54,services,single,basic.6y,unknown,yes,no,cellular,fri,1,999,nonexistent,92.893,-46.2,1.25
58,admin.,married,basic.4y,unknown,no,no,cellular,fri,1,999,nonexistent,92.893,-46.2,1.25
51,admin.,married,high.school,no,no,yes,cellular,fri,1,999,failure,92.893,-46.2,1.25
31,admin.,single,university.degree,no,yes,yes,cellular,fri,4,999,failure,92.893,-46.2,1.25
28,admin.,single,university.degree,no,yes,no,cellular,fri,4,999,failure,92.893,-46.2,1.25
36,technician,married,high.school,no,yes,yes,cellular,fri,1,999,nonexistent,92.893,-46.2,1.25
24,blue-collar,single,high.school,no,yes,no,cellular,fri,3,999,nonexistent,92.893,-46.2,1.25
31,admin.,single,basic.9y,no,no,no,cellular,fri,4,999,nonexistent,92.893,-46.2,1.25
34,management,divorced,unknown,no,yes,no,cellular,fri,3,999,failure,92.893,-46.2,1.25
50,admin.,single,high.school,no,no,yes,cellular,fri,8,999,nonexistent,92.893,-46.2,1.25
41,management,divorced,high.school,no,no,no,cellular,mon,1,999,failure,92.893,-46.2,1.244
33,admin.,single,professional.course,no,yes,no,cellular,mon,1,999,nonexistent,92.893,-46.2,1.244
33,admin.,single,professional.course,no,no,no,cellular,mon,1,999,failure,92.893,-46.2,1.244
46,technician,divorced,professional.course,no,yes,no,cellular,mon,1,999,nonexistent,92.893,-46.2,1.244
30,services,single,high.school,no,no,no,cellular,mon,3,999,nonexistent,92.893,-46.2,1.244
39,technician,married,professional.course,no,yes,yes,cellular,mon,1,999,nonexistent,92.893,-46.2,1.244
32,blue-collar,divorced,basic.4y,no,no,no,cellular,mon,2,999,nonexistent,92.893,-46.2,1.244
58,management,married,university.degree,no,yes,no,cellular,mon,2,999,nonexistent,92.893,-46.2,1.244
37,management,divorced,university.degree,no,yes,no,cellular,mon,3,9,success,92.893,-46.2,1.244
40,technician,single,professional.course,no,yes,no,cellular,fri,1,999,failure,92.893,-46.2,1.259
27,admin.,married,high.school,no,yes,no,cellular,fri,2,999,nonexistent,92.893,-46.2,1.259
55,unemployed,married,basic.9y,no,no,yes,cellular,mon,1,999,nonexistent,92.893,-46.2,1.264
54,admin.,single,university.degree,no,yes,no,cellular,mon,1,999,nonexistent,92.893,-46.2,1.264
54,admin.,single,university.degree,no,no,no,cellular,mon,1,999,nonexistent,92.893,-46.2,1.264
37,technician,married,university.degree,no,yes,no,cellular,mon,1,3,success,92.893,-46.2,1.264
36,admin.,married,university.degree,no,yes,no,cellular,mon,1,999,nonexistent,92.893,-46.2,1.264
30,admin.,single,high.school,no,yes,no,cellular,mon,2,999,nonexistent,92.893,-46.2,1.264
28,self-employed,single,university.degree,no,no,yes,cellular,mon,1,999,nonexistent,92.893,-46.2,1.264
33,blue-collar,married,basic.9y,no,yes,no,cellular,tue,1,999,nonexistent,92.893,-46.2,1.266
27,student,single,high.school,no,yes,yes,cellular,tue,1,999,nonexistent,92.893,-46.2,1.266
35,admin.,married,high.school,no,no,no,cellular,tue,2,999,nonexistent,92.893,-46.2,1.266
25,admin.,single,university.degree,no,yes,no,cellular,tue,1,999,nonexistent,92.893,-46.2,1.266
39,admin.,married,high.school,no,no,no,cellular,tue,2,999,nonexistent,92.893,-46.2,1.266
29,technician,single,high.school,no,no,yes,cellular,tue,1,999,nonexistent,92.893,-46.2,1.266
32,admin.,single,university.degree,no,unknown,unknown,cellular,tue,2,999,nonexistent,92.893,-46.2,1.266
34,admin.,married,university.degree,no,yes,no,telephone,wed,2,999,nonexistent,92.893,-46.2,1.27
24,admin.,single,university.degree,no,yes,no,cellular,wed,2,999,nonexistent,92.893,-46.2,1.27
33,admin.,single,university.degree,no,yes,no,cellular,wed,1,999,nonexistent,92.893,-46.2,1.27
60,admin.,married,university.degree,no,yes,no,cellular,mon,3,3,success,92.963,-40.8,1.266
32,technician,single,university.degree,no,no,no,cellular,mon,1,999,nonexistent,92.963,-40.8,1.266
32,admin.,single,university.degree,no,yes,no,cellular,mon,1,999,nonexistent,92.963,-40.8,1.266
26,technician,divorced,university.degree,no,no,no,cellular,tue,1,999,nonexistent,92.963,-40.8,1.262
32,admin.,single,high.school,no,yes,no,cellular,tue,1,999,nonexistent,92.963,-40.8,1.262
41,entrepreneur,married,high.school,no,yes,no,cellular,tue,1,999,nonexistent,92.963,-40.8,1.262
52,unknown,married,professional.course,unknown,yes,yes,cellular,tue,1,999,nonexistent,92.963,-40.8,1.262
26,admin.,single,university.degree,no,unknown,unknown,cellular,tue,2,3,success,92.963,-40.8,1.262
43,admin.,married,university.degree,no,yes,no,cellular,tue,1,999,nonexistent,92.963,-40.8,1.262
28,admin.,single,high.school,no,yes,no,cellular,tue,1,999,failure,92.963,-40.8,1.262
30,admin.,single,university.degree,no,yes,no,cellular,tue,1,999,nonexistent,92.963,-40.8,1.262
33,admin.,single,university.degree,no,no,no,cellular,tue,3,999,nonexistent,92.963,-40.8,1.262
28,technician,single,professional.course,no,yes,no,cellular,wed,2,999,nonexistent,92.963,-40.8,1.26
31,services,married,high.school,no,no,no,cellular,wed,4,999,nonexistent,92.963,-40.8,1.26
58,blue-collar,married,basic.4y,no,yes,no,cellular,wed,1,999,nonexistent,92.963,-40.8,1.26
29,services,single,high.school,no,yes,yes,cellular,wed,2,999,failure,92.963,-40.8,1.26
40,entrepreneur,married,basic.6y,no,no,no,cellular,wed,1,999,nonexistent,92.963,-40.8,1.26
35,admin.,married,university.degree,no,no,no,cellular,thu,3,999,nonexistent,92.963,-40.8,1.26
53,blue-collar,married,basic.6y,no,yes,no,cellular,thu,2,3,success,92.963,-40.8,1.26
29,admin.,single,university.degree,no,yes,yes,cellular,thu,1,999,nonexistent,92.963,-40.8,1.26
21,student,single,high.school,no,no,no,cellular,thu,1,999,nonexistent,92.963,-40.8,1.26
42,admin.,married,university.degree,no,no,no,cellular,thu,1,999,nonexistent,92.963,-40.8,1.26
30,admin.,married,university.degree,no,yes,no,cellular,thu,2,4,success,92.963,-40.8,1.26
32,admin.,married,university.degree,no,no,yes,cellular,thu,3,3,success,92.963,-40.8,1.26
35,admin.,married,university.degree,no,no,no,cellular,thu,4,999,nonexistent,92.963,-40.8,1.26
53,blue-collar,married,basic.9y,no,no,yes,cellular,thu,2,999,nonexistent,92.963,-40.8,1.26
32,admin.,single,university.degree,no,no,no,cellular,fri,1,999,nonexistent,92.963,-40.8,1.268
59,admin.,married,university.degree,unknown,yes,no,cellular,fri,1,999,nonexistent,92.963,-40.8,1.268
51,admin.,single,university.degree,no,no,no,cellular,fri,2,999,nonexistent,92.963,-40.8,1.268
20,student,single,high.school,no,yes,no,cellular,fri,2,999,nonexistent,92.963,-40.8,1.268
49,services,married,high.school,no,no,no,cellular,tue,4,999,nonexistent,92.963,-40.8,1.286
25,unemployed,married,university.degree,no,no,no,cellular,tue,2,999,nonexistent,92.963,-40.8,1.286
22,technician,single,university.degree,no,yes,no,cellular,fri,4,999,failure,92.963,-40.8,1.268
33,unemployed,married,university.degree,no,yes,no,cellular,mon,3,999,nonexistent,92.963,-40.8,1.26
20,technician,single,unknown,no,no,no,cellular,mon,1,999,nonexistent,92.963,-40.8,1.26
30,admin.,married,university.degree,no,yes,no,cellular,mon,1,999,nonexistent,92.963,-40.8,1.26
35,management,married,university.degree,no,no,no,cellular,tue,2,999,nonexistent,92.963,-40.8,1.252
58,retired,married,basic.4y,no,yes,no,cellular,tue,2,999,nonexistent,92.963,-40.8,1.252
44,unemployed,single,basic.4y,no,yes,no,telephone,tue,2,999,nonexistent,92.963,-40.8,1.252
24,admin.,single,university.degree,no,yes,no,cellular,wed,3,999,failure,92.963,-40.8,1.244
25,admin.,married,university.degree,no,yes,no,cellular,mon,3,999,nonexistent,92.963,-40.8,1.215
40,blue-collar,married,professional.course,no,no,no,telephone,mon,1,999,failure,92.963,-40.8,1.215
32,technician,single,professional.course,no,yes,yes,cellular,mon,1,999,nonexistent,92.963,-40.8,1.215
36,entrepreneur,single,basic.4y,no,no,no,cellular,tue,1,999,nonexistent,92.963,-40.8,1.099
36,entrepreneur,single,basic.4y,no,no,no,cellular,tue,1,999,nonexistent,92.963,-40.8,1.099
56,management,married,professional.course,no,no,no,cellular,wed,2,999,nonexistent,92.469,-33.6,1.085
24,self-employed,single,unknown,no,no,yes,cellular,thu,2,999,nonexistent,92.469,-33.6,1.072
50,admin.,married,university.degree,no,yes,no,cellular,thu,5,999,nonexistent,92.469,-33.6,1.072
47,blue-collar,married,professional.course,no,yes,no,cellular,fri,1,999,nonexistent,92.469,-33.6,1.059
27,admin.,single,unknown,no,yes,no,telephone,tue,1,999,nonexistent,92.469,-33.6,1.044
40,admin.,married,university.degree,no,yes,no,cellular,tue,1,999,nonexistent,92.469,-33.6,1.044
36,technician,married,professional.course,no,yes,no,cellular,wed,3,999,nonexistent,92.469,-33.6,1.029
23,blue-collar,single,high.school,no,no,no,cellular,fri,2,999,nonexistent,92.469,-33.6,1.007
33,admin.,divorced,university.degree,no,no,yes,cellular,thu,3,999,nonexistent,92.469,-33.6,0.927
26,technician,single,university.degree,no,yes,no,cellular,tue,2,999,failure,92.201,-31.4,0.884
59,admin.,married,high.school,no,yes,no,cellular,wed,2,2,success,92.201,-31.4,0.884
31,technician,divorced,professional.course,no,yes,no,cellular,thu,2,999,failure,92.201,-31.4,0.883
36,management,married,university.degree,no,no,no,cellular,mon,2,999,nonexistent,92.201,-31.4,0.884
59,admin.,divorced,professional.course,no,unknown,unknown,cellular,tue,1,4,success,92.201,-31.4,0.883
26,student,single,basic.9y,no,yes,no,cellular,wed,1,999,nonexistent,92.201,-31.4,0.879
32,technician,married,professional.course,no,yes,no,cellular,wed,1,999,nonexistent,92.201,-31.4,0.879
28,admin.,single,university.degree,no,no,no,cellular,thu,5,999,nonexistent,92.201,-31.4,0.873
36,admin.,married,university.degree,no,yes,yes,cellular,thu,2,999,failure,92.201,-31.4,0.873
46,admin.,married,university.degree,no,yes,no,cellular,thu,1,999,failure,92.201,-31.4,0.873
34,housemaid,married,university.degree,no,no,yes,cellular,thu,2,6,success,92.201,-31.4,0.873
39,unemployed,married,high.school,no,no,no,cellular,thu,3,999,nonexistent,92.201,-31.4,0.873
35,technician,married,professional.course,no,yes,no,cellular,fri,1,999,nonexistent,92.201,-31.4,0.869
61,management,married,university.degree,no,yes,no,cellular,fri,2,4,success,92.201,-31.4,0.869
73,retired,married,basic.4y,no,no,no,cellular,mon,1,999,nonexistent,92.201,-31.4,0.861
48,technician,married,high.school,no,yes,no,cellular,mon,1,999,nonexistent,92.201,-31.4,0.861
32,technician,single,university.degree,no,yes,no,cellular,wed,2,999,nonexistent,92.201,-31.4,0.854
74,retired,married,university.degree,no,yes,yes,cellular,wed,3,999,nonexistent,92.201,-31.4,0.854
34,admin.,single,university.degree,no,no,no,cellular,wed,1,999,nonexistent,92.201,-31.4,0.854
24,admin.,single,university.degree,no,no,no,cellular,thu,1,999,failure,92.201,-31.4,0.851
87,retired,divorced,basic.4y,no,no,no,cellular,fri,1,999,nonexistent,92.201,-31.4,0.849
74,retired,married,basic.4y,unknown,yes,no,cellular,mon,2,6,success,92.201,-31.4,0.843
25,admin.,single,university.degree,no,no,no,telephone,tue,3,999,nonexistent,92.201,-31.4,0.838
31,admin.,single,university.degree,no,no,no,cellular,thu,1,3,success,92.201,-31.4,0.829
27,management,single,university.degree,no,yes,no,cellular,tue,2,4,success,92.379,-29.8,0.819
60,retired,married,professional.course,no,yes,no,cellular,thu,1,3,success,92.379,-29.8,0.809
46,admin.,married,high.school,no,yes,yes,cellular,fri,3,999,nonexistent,92.379,-29.8,0.803
59,admin.,married,unknown,no,no,yes,cellular,mon,4,999,failure,92.379,-29.8,0.797
30,management,married,university.degree,no,yes,no,telephone,mon,1,999,failure,92.379,-29.8,0.797
31,admin.,single,high.school,no,yes,no,cellular,fri,1,999,nonexistent,92.379,-29.8,0.773
71,retired,married,unknown,no,yes,no,cellular,fri,4,999,nonexistent,92.379,-29.8,0.773
38,admin.,single,university.degree,unknown,yes,no,cellular,wed,1,3,success,92.379,-29.8,0.768
44,technician,married,professional.course,no,yes,no,cellular,tue,1,4,success,92.379,-29.8,0.755
22,services,single,professional.course,no,yes,yes,cellular,tue,1,3,success,92.379,-29.8,0.755
50,management,married,university.degree,no,yes,no,cellular,thu,2,4,success,92.431,-26.9,0.754
43,management,single,university.degree,no,yes,no,cellular,tue,1,999,nonexistent,92.431,-26.9,0.744
65,retired,married,high.school,no,yes,no,cellular,tue,2,999,nonexistent,92.431,-26.9,0.744
80,retired,divorced,basic.4y,no,no,no,cellular,tue,1,999,nonexistent,92.431,-26.9,0.744
75,retired,married,basic.9y,no,no,no,cellular,mon,1,999,nonexistent,92.431,-26.9,0.743
71,retired,single,university.degree,no,no,no,telephone,tue,1,999,nonexistent,92.431,-26.9,0.742
30,management,married,university.degree,no,yes,no,cellular,tue,2,999,nonexistent,92.431,-26.9,0.742
58,unemployed,married,basic.9y,no,no,yes,cellular,tue,1,999,failure,92.431,-26.9,0.742
74,retired,married,unknown,no,yes,yes,cellular,wed,1,999,nonexistent,92.431,-26.9,0.742
74,retired,married,basic.9y,no,yes,no,cellular,thu,2,6,success,92.431,-26.9,0.74
28,services,married,basic.9y,no,yes,no,cellular,fri,1,2,success,92.431,-26.9,0.739
39,technician,married,university.degree,no,no,no,cellular,fri,1,6,success,92.431,-26.9,0.739
49,admin.,single,high.school,no,yes,no,cellular,fri,2,999,nonexistent,92.431,-26.9,0.739
32,admin.,married,university.degree,no,yes,no,cellular,wed,2,6,success,92.431,-26.9,0.735
29,blue-collar,single,basic.9y,no,no,yes,cellular,wed,2,999,nonexistent,92.431,-26.9,0.735
56,retired,married,professional.course,no,no,no,cellular,thu,1,3,success,92.431,-26.9,0.733
24,admin.,single,university.degree,no,yes,yes,telephone,thu,1,999,nonexistent,92.431,-26.9,0.733
24,student,single,unknown,no,yes,no,cellular,fri,1,999,nonexistent,92.431,-26.9,0.73
65,housemaid,married,basic.4y,no,unknown,unknown,cellular,tue,2,999,nonexistent,92.431,-26.9,0.728
68,retired,divorced,professional.course,no,yes,no,cellular,tue,2,999,nonexistent,92.431,-26.9,0.728
33,admin.,single,university.degree,no,no,no,cellular,thu,1,999,failure,92.431,-26.9,0.722
72,retired,married,basic.6y,no,yes,yes,cellular,thu,3,999,nonexistent,92.431,-26.9,0.722
69,retired,married,basic.4y,no,yes,yes,cellular,fri,3,999,nonexistent,92.431,-26.9,0.72
37,admin.,divorced,high.school,no,yes,yes,telephone,mon,5,999,nonexistent,92.649,-30.1,0.722
34,admin.,single,high.school,no,yes,no,cellular,mon,2,8,failure,92.649,-30.1,0.722
40,admin.,divorced,university.degree,no,no,no,cellular,tue,2,999,failure,92.649,-30.1,0.72
22,technician,single,professional.course,no,yes,no,cellular,tue,1,999,nonexistent,92.649,-30.1,0.72
26,technician,single,professional.course,no,no,yes,cellular,wed,1,9,failure,92.649,-30.1,0.719
73,retired,married,university.degree,no,no,yes,cellular,thu,7,999,nonexistent,92.649,-30.1,0.716
54,admin.,married,high.school,no,yes,no,cellular,fri,1,3,success,92.649,-30.1,0.716
53,management,divorced,university.degree,no,no,yes,cellular,fri,2,3,success,92.649,-30.1,0.716
24,unemployed,married,high.school,no,yes,no,cellular,mon,1,999,failure,92.649,-30.1,0.715
41,admin.,married,university.degree,no,no,no,telephone,tue,2,3,success,92.649,-30.1,0.715
33,admin.,married,university.degree,no,yes,no,cellular,tue,2,3,success,92.649,-30.1,0.715
41,admin.,married,university.degree,no,yes,no,cellular,tue,1,3,success,92.649,-30.1,0.715
79,retired,married,basic.4y,no,no,yes,cellular,tue,2,3,success,92.649,-30.1,0.715
37,services,married,high.school,no,no,no,cellular,wed,2,999,failure,92.649,-30.1,0.715
29,admin.,single,university.degree,no,no,yes,cellular,wed,1,3,success,92.649,-30.1,0.715
38,admin.,married,university.degree,no,no,no,telephone,thu,1,13,success,92.649,-30.1,0.714
43,management,married,high.school,no,no,no,cellular,thu,1,999,nonexistent,92.649,-30.1,0.714
32,self-employed,married,university.degree,no,yes,no,cellular,thu,1,6,failure,92.649,-30.1,0.714
18,student,single,high.school,no,no,no,cellular,fri,2,7,failure,92.649,-30.1,0.714
61,retired,married,basic.4y,no,yes,no,cellular,mon,1,9,failure,92.649,-30.1,0.714
30,blue-collar,single,high.school,no,unknown,unknown,cellular,mon,5,999,nonexistent,92.649,-30.1,0.714
24,student,single,unknown,no,yes,no,cellular,wed,2,3,success,92.649,-30.1,0.716
31,technician,single,university.degree,no,no,no,cellular,wed,1,999,nonexistent,92.649,-30.1,0.716
48,management,divorced,university.degree,no,yes,no,cellular,wed,1,3,success,92.649,-30.1,0.716
46,admin.,married,university.degree,no,unknown,unknown,cellular,fri,10,999,nonexistent,92.713,-33,0.718
36,admin.,single,high.school,no,unknown,unknown,cellular,mon,1,999,failure,92.713,-33,0.717
50,technician,married,high.school,no,no,no,cellular,mon,3,999,nonexistent,92.713,-33,0.717
65,management,married,unknown,no,yes,no,telephone,wed,3,999,failure,92.713,-33,0.715
55,admin.,married,professional.course,no,yes,no,cellular,thu,1,9,success,92.713,-33,0.714
64,housemaid,married,basic.4y,no,no,no,cellular,thu,1,999,nonexistent,92.713,-33,0.714
56,retired,married,basic.4y,no,no,no,cellular,thu,4,999,nonexistent,92.713,-33,0.714
70,retired,married,basic.4y,no,no,no,cellular,wed,2,999,nonexistent,92.713,-33,0.715
41,admin.,married,university.degree,no,yes,no,cellular,thu,1,999,nonexistent,92.713,-33,0.707
46,technician,married,professional.course,no,yes,no,telephone,mon,1,999,nonexistent,92.713,-33,0.706
27,technician,single,university.degree,no,yes,no,cellular,tue,3,6,success,92.713,-33,0.707
66,retired,married,professional.course,no,no,no,cellular,tue,1,999,failure,93.369,-34.8,0.655
53,technician,married,high.school,no,yes,no,cellular,tue,2,999,nonexistent,93.369,-34.8,0.655
33,admin.,married,university.degree,no,yes,no,cellular,wed,3,4,success,93.369,-34.8,0.655
38,blue-collar,single,high.school,no,yes,no,cellular,wed,1,13,failure,93.369,-34.8,0.655
37,admin.,single,high.school,no,no,no,cellular,wed,2,4,success,93.369,-34.8,0.655
34,admin.,married,professional.course,no,yes,no,cellular,thu,3,999,failure,93.369,-34.8,0.654
36,admin.,single,university.degree,no,no,no,cellular,mon,1,999,nonexistent,93.369,-34.8,0.652
34,admin.,single,university.degree,no,no,no,telephone,tue,1,3,success,93.369,-34.8,0.652
34,admin.,single,university.degree,no,no,yes,cellular,tue,1,999,nonexistent,93.369,-34.8,0.652
38,blue-collar,single,high.school,no,no,no,telephone,tue,3,6,success,93.369,-34.8,0.652
38,housemaid,single,high.school,no,yes,no,cellular,fri,1,10,success,93.369,-34.8,0.649
80,retired,married,basic.4y,no,no,no,cellular,fri,3,6,success,93.369,-34.8,0.649
30,management,married,university.degree,no,yes,no,cellular,mon,3,999,nonexistent,93.369,-34.8,0.646
52,technician,married,basic.9y,no,no,no,cellular,wed,3,999,nonexistent,93.369,-34.8,0.644
28,admin.,single,university.degree,no,no,no,cellular,thu,1,999,nonexistent,93.369,-34.8,0.643
29,technician,single,professional.course,no,yes,yes,cellular,thu,2,13,success,93.369,-34.8,0.643
78,retired,married,unknown,no,no,no,cellular,thu,1,6,success,93.369,-34.8,0.635
66,housemaid,divorced,basic.4y,no,yes,no,cellular,thu,1,3,success,93.369,-34.8,0.635
58,services,married,high.school,no,no,no,cellular,mon,2,3,success,93.369,-34.8,0.635
68,retired,divorced,basic.4y,no,yes,no,cellular,tue,2,11,success,93.369,-34.8,0.635
56,admin.,single,university.degree,no,yes,no,cellular,wed,1,999,failure,93.369,-34.8,0.634
41,admin.,divorced,high.school,no,no,no,telephone,thu,2,999,nonexistent,93.749,-34.6,0.635
82,housemaid,divorced,basic.4y,no,unknown,unknown,cellular,tue,6,999,nonexistent,93.749,-34.6,0.638
37,technician,married,professional.course,no,yes,no,telephone,mon,1,999,nonexistent,93.749,-34.6,0.642
36,admin.,single,basic.9y,no,yes,yes,telephone,wed,1,999,nonexistent,93.749,-34.6,0.644
48,admin.,married,university.degree,no,yes,no,cellular,thu,1,999,nonexistent,93.749,-34.6,0.644
35,admin.,married,university.degree,no,yes,no,cellular,thu,1,10,success,93.749,-34.6,0.644
50,technician,single,university.degree,no,yes,no,telephone,fri,1,999,nonexistent,93.749,-34.6,0.644
82,retired,divorced,basic.4y,no,no,no,cellular,mon,1,6,success,93.749,-34.6,0.643
85,housemaid,married,basic.4y,unknown,no,no,cellular,tue,6,6,success,93.749,-34.6,0.642
85,housemaid,married,basic.4y,unknown,yes,no,cellular,tue,1,999,failure,93.749,-34.6,0.642
45,management,married,unknown,no,yes,no,cellular,tue,3,7,success,93.749,-34.6,0.642
61,retired,married,high.school,no,yes,no,cellular,tue,4,999,nonexistent,93.749,-34.6,0.642
80,retired,divorced,basic.4y,no,yes,no,telephone,wed,1,999,nonexistent,93.749,-34.6,0.642
53,housemaid,married,university.degree,no,yes,no,cellular,thu,1,6,success,93.749,-34.6,0.644
47,admin.,married,high.school,no,yes,no,cellular,fri,1,999,failure,93.749,-34.6,0.645
46,admin.,married,high.school,no,no,no,cellular,mon,3,999,nonexistent,93.749,-34.6,0.645
31,student,single,university.degree,no,yes,yes,cellular,fri,1,6,success,93.749,-34.6,0.663
24,student,single,high.school,no,yes,no,cellular,tue,2,6,success,93.876,-40,0.668
30,student,single,high.school,no,no,no,cellular,fri,2,3,success,93.876,-40,0.682
92,retired,married,unknown,no,yes,no,cellular,thu,1,6,success,93.876,-40,0.683
41,unemployed,married,basic.9y,no,yes,no,cellular,thu,1,6,success,93.876,-40,0.683
60,management,married,unknown,no,yes,no,cellular,thu,3,3,success,93.876,-40,0.683
29,admin.,married,university.degree,no,yes,yes,cellular,fri,3,13,failure,93.876,-40,0.684
65,admin.,married,university.degree,no,yes,no,cellular,fri,3,999,failure,93.876,-40,0.684
29,student,single,university.degree,no,yes,no,cellular,mon,1,999,failure,93.876,-40,0.685
63,retired,married,professional.course,no,yes,yes,cellular,mon,2,14,success,93.876,-40,0.685
31,admin.,married,professional.course,no,yes,yes,cellular,thu,2,999,nonexistent,93.876,-40,0.692
36,admin.,married,university.degree,no,yes,no,cellular,tue,1,999,nonexistent,93.876,-40,0.697
64,housemaid,married,unknown,no,yes,no,telephone,wed,3,999,nonexistent,93.876,-40,0.697
37,student,divorced,university.degree,no,yes,no,cellular,thu,1,999,failure,93.876,-40,0.699
43,technician,married,professional.course,no,no,no,cellular,thu,1,999,failure,93.876,-40,0.699
38,blue-collar,married,basic.6y,no,yes,no,cellular,fri,1,999,failure,94.055,-39.8,0.707
36,management,divorced,university.degree,no,yes,no,cellular,mon,1,3,success,94.055,-39.8,0.72
21,student,single,high.school,no,yes,no,cellular,mon,1,999,nonexistent,94.055,-39.8,0.72
35,admin.,single,university.degree,no,yes,no,cellular,mon,1,14,success,94.055,-39.8,0.72
22,student,single,high.school,no,no,yes,cellular,mon,1,12,failure,94.055,-39.8,0.72
28,services,single,university.degree,no,no,no,telephone,mon,1,999,nonexistent,94.055,-39.8,0.72
28,management,single,university.degree,no,yes,no,cellular,thu,1,999,nonexistent,94.055,-39.8,0.729
65,unknown,married,unknown,no,yes,no,cellular,thu,2,4,success,94.055,-39.8,0.729
36,admin.,single,university.degree,no,no,no,cellular,wed,1,7,success,94.055,-39.8,0.739
36,blue-collar,single,high.school,no,no,no,cellular,wed,1,6,success,94.055,-39.8,0.739
37,admin.,married,high.school,no,no,no,cellular,wed,3,999,nonexistent,94.055,-39.8,0.739
34,admin.,single,university.degree,no,yes,no,cellular,mon,1,999,nonexistent,94.055,-39.8,0.754
32,blue-collar,single,high.school,no,no,no,cellular,mon,1,2,success,94.055,-39.8,0.754
37,self-employed,married,university.degree,no,no,no,telephone,mon,1,999,nonexistent,94.055,-39.8,0.754
62,blue-collar,married,high.school,no,yes,no,cellular,mon,4,4,success,94.055,-39.8,0.754
76,retired,married,professional.course,unknown,yes,no,cellular,tue,1,3,success,94.055,-39.8,0.761
25,student,single,high.school,no,yes,yes,cellular,tue,2,6,success,94.055,-39.8,0.761
34,unemployed,single,university.degree,no,yes,no,cellular,tue,2,999,nonexistent,94.055,-39.8,0.761
27,unknown,single,university.degree,no,yes,no,cellular,wed,4,3,success,94.055,-39.8,0.767
27,unknown,single,university.degree,no,yes,no,cellular,wed,3,999,nonexistent,94.055,-39.8,0.767
48,admin.,single,university.degree,no,yes,no,cellular,fri,2,3,success,94.215,-40.3,0.79
75,retired,married,university.degree,no,yes,no,cellular,thu,1,999,failure,94.215,-40.3,0.81
79,retired,married,basic.4y,no,no,yes,cellular,fri,1,999,failure,94.215,-40.3,0.822
39,admin.,divorced,university.degree,no,no,yes,cellular,mon,3,999,nonexistent,94.215,-40.3,0.827
35,technician,single,professional.course,no,no,no,cellular,mon,4,999,nonexistent,94.215,-40.3,0.827
59,retired,divorced,basic.4y,no,yes,yes,cellular,mon,1,6,success,94.215,-40.3,0.827
32,services,single,unknown,no,no,yes,cellular,thu,2,999,nonexistent,94.215,-40.3,0.846
54,retired,single,basic.4y,no,yes,no,cellular,thu,4,999,nonexistent,94.215,-40.3,0.846
22,admin.,single,university.degree,no,yes,no,telephone,mon,1,999,failure,94.215,-40.3,0.87
56,technician,married,professional.course,no,yes,no,cellular,mon,2,13,success,94.215,-40.3,0.87
78,retired,married,basic.4y,no,no,no,cellular,mon,1,999,nonexistent,94.215,-40.3,0.87
59,management,married,basic.4y,no,yes,no,cellular,fri,3,999,nonexistent,94.215,-40.3,0.885
42,unknown,single,university.degree,no,no,no,cellular,fri,6,999,nonexistent,94.215,-40.3,0.885
42,unknown,single,university.degree,no,yes,no,cellular,fri,1,999,failure,94.215,-40.3,0.885
51,technician,married,high.school,no,no,no,cellular,mon,1,6,success,94.215,-40.3,0.889
65,management,married,university.degree,no,yes,no,cellular,mon,1,999,failure,94.215,-40.3,0.889
68,retired,married,university.degree,no,no,no,cellular,mon,2,12,success,94.215,-40.3,0.889
23,student,single,unknown,no,no,no,cellular,tue,1,999,failure,94.215,-40.3,0.893
48,housemaid,married,professional.course,no,no,no,cellular,wed,3,6,success,94.215,-40.3,0.896
80,retired,divorced,basic.4y,no,no,yes,cellular,thu,2,6,success,94.215,-40.3,0.899
48,blue-collar,married,professional.course,no,no,no,telephone,thu,1,999,nonexistent,94.215,-40.3,0.899
53,services,married,basic.9y,no,yes,no,telephone,mon,2,999,failure,94.027,-38.3,0.898
37,management,married,high.school,no,yes,no,cellular,thu,1,999,nonexistent,94.027,-38.3,0.904
58,technician,married,basic.9y,no,yes,no,cellular,mon,1,999,nonexistent,94.027,-38.3,0.904
92,retired,married,unknown,no,no,yes,cellular,tue,1,3,success,94.027,-38.3,0.904
50,admin.,single,university.degree,no,no,no,cellular,tue,1,6,success,94.027,-38.3,0.904
52,management,married,university.degree,no,yes,no,cellular,thu,3,1,success,94.027,-38.3,0.899
49,management,divorced,university.degree,no,yes,no,telephone,mon,1,999,nonexistent,94.027,-38.3,0.888
76,retired,divorced,basic.4y,no,no,no,cellular,tue,1,999,failure,94.027,-38.3,0.886
81,retired,divorced,basic.4y,no,no,no,cellular,wed,2,7,success,94.199,-37.5,0.886
47,management,married,university.degree,no,no,no,cellular,thu,1,17,success,94.199,-37.5,0.884
60,retired,married,university.degree,no,no,no,cellular,thu,2,999,nonexistent,94.199,-37.5,0.884
51,technician,married,professional.course,no,yes,no,cellular,mon,2,999,failure,94.199,-37.5,0.882
31,student,single,unknown,no,unknown,unknown,cellular,wed,2,6,success,94.199,-37.5,0.88
19,student,single,basic.6y,no,yes,no,cellular,thu,2,6,success,94.199,-37.5,0.879
23,student,single,basic.9y,no,yes,no,cellular,thu,1,999,nonexistent,94.199,-37.5,0.879
26,technician,single,university.degree,no,no,no,cellular,fri,1,999,nonexistent,94.199,-37.5,0.879
33,admin.,married,university.degree,no,no,no,cellular,wed,2,999,nonexistent,94.199,-37.5,0.879
36,admin.,divorced,university.degree,no,yes,yes,cellular,fri,3,999,nonexistent,94.199,-37.5,0.879
33,unemployed,single,unknown,no,yes,no,cellular,fri,2,999,failure,94.199,-37.5,0.879
48,services,married,basic.6y,no,no,no,cellular,mon,2,999,nonexistent,94.199,-37.5,0.879
42,admin.,divorced,university.degree,no,yes,no,cellular,wed,1,999,failure,94.199,-37.5,0.886
47,admin.,married,high.school,no,yes,no,cellular,fri,1,999,failure,94.601,-49.5,0.972
31,blue-collar,single,basic.9y,no,no,no,telephone,tue,1,999,nonexistent,94.601,-49.5,0.982
20,student,single,unknown,no,yes,yes,cellular,tue,1,3,success,94.601,-49.5,0.982
49,admin.,married,high.school,unknown,no,no,cellular,wed,1,6,success,94.601,-49.5,0.985
65,retired,married,basic.4y,no,yes,yes,cellular,wed,1,3,success,94.601,-49.5,0.985
54,admin.,married,high.school,no,no,no,cellular,wed,2,6,success,94.601,-49.5,0.985
54,self-employed,married,university.degree,no,yes,no,cellular,thu,4,999,failure,94.601,-49.5,0.987
68,retired,divorced,high.school,no,yes,yes,cellular,mon,1,3,success,94.601,-49.5,1
44,admin.,married,university.degree,no,yes,no,cellular,mon,1,999,nonexistent,94.601,-49.5,1
31,admin.,single,university.degree,no,unknown,unknown,cellular,tue,1,3,success,94.601,-49.5,1.008
54,services,divorced,high.school,no,yes,no,cellular,wed,3,999,failure,94.601,-49.5,1.016
28,admin.,single,university.degree,no,no,no,cellular,mon,1,3,success,94.601,-49.5,1.032
33,admin.,single,university.degree,no,yes,no,cellular,mon,5,999,nonexistent,94.601,-49.5,1.032
34,admin.,married,university.degree,no,no,no,cellular,wed,1,3,success,94.767,-50.8,1.048
63,retired,married,basic.4y,no,yes,no,cellular,fri,1,3,success,94.767,-50.8,1.049
60,admin.,married,unknown,no,no,no,cellular,tue,1,7,success,94.767,-50.8,1.046
29,technician,single,professional.course,no,no,no,cellular,tue,2,1,success,94.767,-50.8,1.046
37,technician,single,professional.course,no,yes,no,cellular,wed,1,6,success,94.767,-50.8,1.044
35,admin.,single,professional.course,no,yes,no,cellular,fri,3,999,nonexistent,94.767,-50.8,1.04
73,retired,married,professional.course,no,yes,no,cellular,fri,1,999,nonexistent,94.767,-50.8,1.028
